CustomerID,Gender,Age,Annual Income ($),Spending Score (1-100),Profession,Work Experience,Family Size,Anomaly
1,,19,15000.0,39,,1.0,4.0,1
2,,21,35000.0,81,,3.0,3.0,1
3,,20,86000.0,6,,1.0,1.0,1
4,,23,59000.0,77,,0.0,2.0,1
5,,31,38000.0,40,,2.0,6.0,1
6,,22,58000.0,76,,0.0,2.0,1
7,,35,31000.0,6,,1.0,3.0,1
8,,23,84000.0,94,,1.0,3.0,1
9,,64,97000.0,3,,0.0,3.0,1
10,,30,98000.0,72,,1.0,4.0,1
11,,67,7000.0,14,,1.0,3.0,1
12,,35,93000.0,99,,4.0,4.0,1
13,,58,80000.0,15,,0.0,5.0,1
14,,24,91000.0,77,,1.0,1.0,1
15,,37,19000.0,13,,0.0,1.0,1
17,,35,29000.0,35,,9.0,5.0,1
18,,20,89000.0,66,,1.0,6.0,1
19,,52,20000.0,29,,1.0,4.0,1
20,,35,62000.0,98,,0.0,1.0,1
21,,35,96000.0,35,,12.0,1.0,1
22,,25,4000.0,73,,3.0,4.0,1
23,,46,42000.0,5,,13.0,2.0,-1
24,,31,71000.0,73,,5.0,2.0,1
25,,54,67000.0,14,,1.0,3.0,1
26,,29,52000.0,82,,1.0,3.0,1
27,,45,68000.0,32,,9.0,8.0,1
28,,35,78000.0,61,,1.0,3.0,1
29,,40,18000.0,31,,0.0,1.0,1
30,,23,20000.0,87,,5.0,4.0,1
31,,60,39000.0,4,,0.0,3.0,1
32,,21,34000.0,73,,1.0,2.0,1
33,,53,59000.0,4,,1.0,3.0,1
34,,18,62000.0,92,,9.0,7.0,-1
35,,49,91000.0,14,,1.0,2.0,1
36,,21,95000.0,81,,3.0,4.0,1
37,,42,110878.80220883535,17,,5.0,1.0,1
38,,30,62000.0,73,,1.0,5.0,1
39,,36,9000.0,26,,8.0,2.0,1
40,,20,69000.0,75,,8.0,2.0,1
41,,65,25000.0,35,,4.0,1.0,1
42,,24,85000.0,92,,0.0,2.0,1
43,,48,22000.0,36,,14.0,3.0,-1
44,,31,33000.0,61,,1.0,2.0,1
45,,49,72000.0,28,,8.0,1.0,1
46,,24,3000.0,65,,4.0,2.0,1
47,,50,52000.0,55,,0.0,4.0,1
48,,27,71000.0,47,,12.0,1.0,1
49,,29,78000.0,42,,0.0,4.0,1
50,,31,25000.0,42,,1.0,1.0,1
51,,49,88000.0,52,,1.0,2.0,1
52,,33,97000.0,60,,1.0,2.0,1
53,,31,74000.0,54,,1.0,1.0,1
54,,59,68000.0,60,,0.0,3.7682682682682684,1
55,,50,18000.0,45,,1.0,1.0,1
56,,47,95000.0,41,,14.0,2.0,1
57,,51,71000.0,50,,9.0,4.0,1
58,,69,8000.0,46,,8.0,2.0,1
59,,27,57000.0,51,,1.0,3.0,1
60,,53,89000.0,46,,1.0,6.0,1
61,,70,84000.0,56,,0.0,2.0,1
62,,19,110878.80220883535,55,,9.0,2.0,1
63,,67,50000.0,52,,0.0,3.0,1
64,,54,48000.0,59,,1.0,2.0,1
65,,63,63000.0,51,,7.0,2.0,1
66,,18,9000.0,59,,0.0,2.0,1
67,,43,3000.0,50,,0.0,2.0,1
68,,68,82000.0,48,,8.0,4.0,1
69,,19,81000.0,59,,0.0,4.0,1
70,,32,97000.0,47,,2.0,2.0,1
71,,70,91000.0,55,,8.0,2.0,1
72,,47,9000.0,42,,8.0,2.0,1
73,,60,44000.0,49,,0.0,5.0,1
74,,60,10000.0,56,,8.0,4.0,1
75,,59,89000.0,47,,0.0,4.0,1
76,,26,49000.0,54,,0.0,3.0,1
77,,45,67000.0,53,,0.0,2.0,1
78,,40,99000.0,48,,4.0,3.0,1
79,,23,97000.0,52,,2.0,2.0,1
80,,49,110878.80220883535,42,,1.0,1.0,1
81,,57,52000.0,51,,0.0,4.0,1
82,,38,61000.0,55,,6.0,3.0,1
83,,67,120000.0,41,,8.0,1.0,1
84,,46,34000.0,44,,8.0,4.0,1
85,,21,24000.0,57,,1.0,3.0,1
86,,48,31000.0,46,,7.0,5.0,1
87,,55,11000.0,58,,0.0,3.0,1
88,,22,55000.0,55,,5.0,2.0,1
89,,34,76000.0,60,,7.0,3.0,1
90,,50,56000.0,46,,0.0,2.0,1
91,,68,46000.0,55,,4.103103103103103,3.0,1
92,,18,36000.0,41,,1.0,4.0,1
93,,48,88000.0,49,,1.0,2.0,1
94,,40,31000.0,40,,1.0,2.0,1
95,,32,24000.0,42,,0.0,1.0,1
96,,24,80000.0,52,,10.0,1.0,1
97,,47,2000.0,47,,0.0,1.0,1
98,,27,67000.0,50,,0.0,2.0,1
99,,48,110878.80220883535,42,,1.0,2.0,1
100,,20,80000.0,49,,3.0,3.0,1
101,,23,65000.0,41,,0.0,4.0,1
102,,49,4000.0,48,,1.0,7.0,-1
103,,67,98000.0,59,,0.0,3.0,1
104,,26,52000.0,55,,0.0,5.0,1
105,,49,86000.0,56,,10.0,2.0,1
106,,21,82000.0,42,,1.0,2.0,1
107,,66,43000.0,50,,3.0,2.0,1
108,,54,78000.0,46,,1.0,1.0,1
109,,68,13000.0,43,,6.0,5.0,1
110,,66,13000.0,48,,9.0,3.0,1
111,,65,110878.80220883535,52,,4.0,4.0,1
112,,19,25000.0,54,,0.0,1.0,1
113,,38,71000.0,42,,1.0,5.0,1
114,,19,2000.0,46,,1.0,1.0,1
115,,18,97000.0,48,,0.0,3.0,1
116,,19,51000.0,50,,8.0,4.0,1
117,,63,9000.0,43,,1.0,1.0,1
118,,49,79000.0,59,,0.0,2.0,1
119,,51,84000.0,43,,2.0,7.0,1
120,,50,87000.0,57,,1.0,2.0,1
121,,27,36000.0,56,,0.0,3.0,1
122,,38,50000.0,40,,1.0,4.0,1
123,,40,97000.0,58,,9.0,4.0,1
123,,39,6000.0,91,,1.0,3.0,1
125,,23,12000.0,29,,9.0,2.0,1
126,,31,46000.0,77,,1.0,2.0,1
127,,43,89000.0,35,,0.0,7.0,1
128,,40,4000.0,95,,0.0,2.0,-1
129,,59,38000.0,11,,0.0,2.0,1
130,,38,64000.0,75,,8.0,5.0,1
131,,47,66000.0,9,,9.0,5.0,1
132,,39,26000.0,75,,0.0,2.0,1
133,,25,41000.0,34,,6.0,4.0,1
134,,31,45000.0,71,,5.0,1.0,1
135,,20,89000.0,5,,1.0,2.0,1
136,,29,92000.0,88,,5.0,5.0,1
137,,44,76000.0,7,,5.0,2.0,1
138,,32,85000.0,73,,3.0,4.0,1
139,,19,22000.0,10,,8.0,4.0,1
139,,35,15000.0,72,,4.0,4.0,1
141,,57,32000.0,5,,0.0,2.0,1
142,,32,66000.0,93,,0.0,3.7682682682682684,1
143,,28,62000.0,40,,5.0,3.0,1
144,,32,85000.0,87,,1.0,2.0,1
145,,25,71000.0,12,,0.0,5.0,1
146,,28,26000.0,97,,8.0,5.0,-1
147,,48,52000.0,36,,9.0,2.0,1
148,,32,38000.0,74,,1.0,1.0,1
149,,34,51000.0,22,,7.0,4.0,1
150,,34,90000.0,90,,6.0,3.0,1
151,,43,30000.0,17,,0.0,9.0,1
152,,39,41000.0,88,,0.0,1.0,1
153,,44,17000.0,20,,0.0,2.0,1
154,,38,92000.0,76,,2.0,2.0,1
155,,47,80000.0,16,,0.0,4.0,1
156,,27,10000.0,89,,8.0,4.0,-1
157,,37,16000.0,1,,1.0,1.0,1
158,,30,87000.0,78,,3.0,4.0,1
159,,34,66000.0,1,,1.0,2.0,1
160,,30,86000.0,73,,3.0,3.0,1
161,,56,9000.0,35,,1.0,1.0,1
162,,29,50000.0,83,,1.0,5.0,1
163,,19,35000.0,5,,0.0,5.0,1
164,,31,58000.0,93,,1.0,5.0,1
165,,50,47000.0,26,,0.0,2.0,1
166,,36,54000.0,75,,5.0,3.0,1
167,,42,79000.0,20,,9.0,3.0,1
168,,33,83000.0,95,,0.0,5.0,1
169,,36,57000.0,27,,0.0,3.0,1
170,,32,0.0,63,,2.0,2.0,1
171,,40,69000.0,13,,3.0,5.0,1
172,,28,4000.0,75,,0.0,2.0,1
173,,36,79000.0,10,,0.0,2.0,1
174,,36,99000.0,92,,5.0,2.0,1
175,,52,20000.0,13,,0.0,2.0,1
176,,30,28000.0,86,,3.0,4.0,1
177,,58,29000.0,15,,11.0,1.0,1
178,,27,45000.0,69,,2.0,6.0,1
179,,59,86000.0,14,,4.0,3.0,1
180,,35,42000.0,90,,8.0,1.0,1
181,,37,59000.0,32,,7.0,2.0,1
182,,32,61000.0,86,,7.0,5.0,1
183,,46,11000.0,15,,7.0,1.0,1
184,,29,66000.0,88,,4.0,4.0,1
185,,41,39000.0,39,,1.0,1.0,1
186,,30,72000.0,97,,6.0,2.0,1
187,,54,14000.0,24,,1.0,2.0,1
188,,28,44000.0,68,,5.0,3.0,1
189,,41,76000.0,17,,8.0,2.0,1
190,,36,95000.0,85,,4.0,2.0,1
191,,34,92000.0,23,,5.0,3.0,1
192,,32,98000.0,69,,8.0,2.0,1
193,,33,96000.0,8,,9.0,2.0,1
194,,38,45000.0,91,,10.0,4.0,1
195,,47,8000.0,16,,7.0,2.0,1
196,,35,46000.0,79,,1.0,3.0,1
197,,45,78000.0,28,,0.0,2.0,1
198,,32,4000.0,74,,1.0,5.0,1
199,,32,81000.0,18,,1.0,2.0,1
200,,30,33000.0,83,,4.0,2.0,1
201,,21,40000.0,10,,0.0,3.0,1
202,,34,85000.0,16,,9.0,3.0,1
203,,16,60000.0,0,,6.0,8.0,-1
204,,76,60000.0,39,,4.0,2.0,1
205,,62,63000.0,59,,0.0,2.0,1
206,,63,10000.0,52,,8.0,3.0,1
207,,19,55000.0,61,,0.0,3.0,1
208,,46,93000.0,12,,2.0,1.0,1
209,,48,15000.0,7,,0.0,2.0,1
210,,80,39000.0,33,,9.0,4.0,1
211,,1,57000.0,93,,1.0,2.0,1
212,,0,22000.0,92,,2.0,1.0,-1
213,,86,12000.0,70,,2.0,4.0,1
214,,49,50000.0,82,,8.0,1.0,1
215,,48,95000.0,68,,2.0,4.0,1
216,,46,66000.0,70,,3.0,3.0,1
217,,79,20000.0,40,,6.0,2.0,1
218,,83,35000.0,99,,8.0,2.0,1
219,,66,71000.0,34,,9.0,2.0,1
220,,59,76000.0,61,,9.0,1.0,1
221,,39,84000.0,33,,5.0,3.0,1
222,,95,72000.0,51,,4.0,2.0,1
223,,43,33000.0,55,,4.0,3.0,1
224,,93,93000.0,37,,1.0,5.0,1
225,,40,83000.0,48,,4.0,1.0,1
226,,78,23000.0,8,,1.0,1.0,1
227,,25,40000.0,77,,5.0,4.0,1
228,,76,89000.0,86,,9.0,4.0,1
229,,0,110878.80220883535,64,,1.0,1.0,1
230,,15,94000.0,30,,7.0,2.0,1
231,,6,93000.0,53,,8.0,2.0,1
232,,84,7000.0,28,,0.0,4.0,1
233,,67,18000.0,88,,0.0,2.0,1
234,,78,3000.0,14,,0.0,4.0,1
235,,4,84000.0,54,,9.0,1.0,1
236,,29,62000.0,34,,0.0,4.0,1
237,,91,9000.0,96,,1.0,5.0,-1
238,,95,36000.0,35,,0.0,4.0,1
239,,55,37000.0,74,,1.0,4.0,1
240,,14,50000.0,11,,1.0,2.0,1
241,,92,83000.0,16,,1.0,5.0,1
242,,65,79000.0,17,,0.0,3.0,1
243,,84,40000.0,14,,1.0,4.0,1
244,,77,47000.0,58,,0.0,6.0,1
245,,53,4000.0,20,,0.0,4.0,1
246,,28,38000.0,75,,7.0,2.0,1
247,,23,0.0,96,,1.0,3.0,1
248,,32,7000.0,16,,1.0,2.0,1
249,,37,41000.0,2,,1.0,2.0,1
250,,89,65000.0,0,,0.0,5.0,-1
251,,80,20000.0,93,,1.0,3.0,1
252,,27,44000.0,65,,8.0,1.0,1
253,,78,3000.0,14,,5.0,4.0,1
254,,86,72000.0,13,,7.0,3.0,1
255,,46,27000.0,32,,4.0,4.0,1
256,,59,85000.0,49,,4.0,2.0,1
257,,12,38000.0,18,,10.0,1.0,-1
258,,79,73000.0,96,,6.0,7.0,1
259,,79,64000.0,64,,2.0,3.0,1
260,,26,26000.0,60,,6.0,4.0,1
261,,63,47000.0,16,,2.0,3.0,1
262,,52,35000.0,85,,2.0,6.0,1
263,,32,31000.0,24,,2.0,3.0,1
264,,64,13000.0,38,,3.0,4.0,1
265,,37,79000.0,10,,1.0,7.0,1
266,,7,82000.0,39,,2.0,2.0,1
267,,40,28000.0,68,,1.0,1.0,1
268,,78,36000.0,79,,0.0,3.0,1
269,,34,8000.0,76,,6.0,6.0,1
270,,52,110878.80220883535,39,,1.0,2.0,1
271,,94,91000.0,36,,0.0,4.0,1
272,,1,12000.0,82,,0.0,3.0,-1
273,,96,1000.0,76,,0.0,3.0,-1
274,,18,143000.0,99,,0.0,2.0,1
275,,37,18000.0,57,,1.0,2.0,1
276,,78,65000.0,89,,1.0,2.0,1
277,,16,9000.0,88,,7.0,4.0,1
278,,93,95000.0,21,,1.0,1.0,1
279,,74,78000.0,12,,9.0,3.0,1
280,,68,48000.0,73,,3.0,3.0,1
281,,32,63000.0,87,,1.0,4.0,1
282,,43,85000.0,63,,1.0,2.0,1
283,,52,43000.0,58,,1.0,3.0,1
284,,63,74000.0,20,,1.0,2.0,1
285,,33,67000.0,11,,0.0,1.0,1
286,,86,59000.0,40,,0.0,1.0,1
287,,85,140000.0,84,,1.0,1.0,1
288,,73,31000.0,47,,1.0,2.0,1
289,,21,5000.0,91,,0.0,1.0,-1
290,,93,19000.0,58,,1.0,3.0,1
291,,9,27000.0,62,,7.0,1.0,1
292,,10,68000.0,80,,6.0,3.0,1
293,,11,38000.0,66,,8.0,8.0,1
294,,48,50000.0,36,,6.0,4.0,1
295,,73,80000.0,73,,2.0,2.0,1
296,,66,69000.0,43,,9.0,3.0,1
297,,79,31000.0,91,,3.0,3.0,1
298,,62,87000.0,41,,6.0,2.0,1
299,,17,79000.0,16,,1.0,3.0,1
300,,32,32000.0,86,,5.0,2.0,1
301,,85,153787.0,100,,3.0,3.0,1
302,,31,95851.0,16,,5.0,2.0,1
303,,31,145015.0,73,,6.0,3.0,1
304,,38,148539.0,7,,5.0,2.0,1
305,,90,117319.0,21,,1.0,2.0,1
306,,65,180243.0,26,,6.0,2.0,1
307,,63,165052.0,12,,4.0,2.0,1
308,,61,120487.0,14,,0.0,2.0,1
309,,26,112766.0,83,,8.0,4.0,1
310,,17,156488.0,65,,1.0,4.0,1
311,,56,97562.0,15,,5.0,6.0,1
312,,12,77501.0,30,,5.0,4.0,1
313,,24,118302.0,100,,5.0,1.0,1
314,,13,64277.0,9,,9.0,4.0,1
315,,12,53927.0,77,,2.0,3.0,1
316,,72,93921.0,93,,9.0,2.0,1
317,,54,132046.0,8,,4.0,4.0,1
318,,45,183217.0,91,,7.0,2.0,1
319,,66,182937.0,44,,8.0,1.0,1
320,,27,68272.0,56,,8.0,4.0,1
321,,36,69841.0,21,,10.0,2.0,1
322,,5,69078.0,60,,13.0,1.0,-1
323,,89,110667.0,100,,2.0,4.0,1
324,,13,95469.0,94,,6.0,1.0,1
325,,91,102861.0,40,,4.0,1.0,1
326,,16,133551.0,7,,3.0,1.0,1
327,,63,64589.0,90,,7.0,1.0,1
328,,52,152755.0,39,,4.0,2.0,1
329,,37,92313.0,58,,1.0,5.0,1
330,,78,98922.0,2,,2.0,3.0,1
331,,24,165846.0,33,,0.0,4.0,1
332,,4,93713.0,62,,3.0,4.0,1
333,,84,137641.0,67,,0.0,5.0,1
334,,0,173743.0,96,,0.0,4.0,1
335,,67,116126.0,58,,10.0,2.0,1
336,,32,112246.0,30,,8.0,3.0,1
337,,39,69384.0,75,,1.0,5.0,1
338,,68,76529.0,62,,0.0,2.0,1
339,,7,123804.0,28,,14.0,1.0,-1
340,,76,68292.0,55,,8.0,2.0,1
341,,84,173185.0,99,,3.0,1.0,1
342,,75,142034.0,82,,1.0,4.0,1
343,,22,107941.0,61,,0.0,1.0,1
344,,90,149840.0,61,,1.0,1.0,1
345,,4,148431.0,99,,1.0,8.0,-1
346,,78,126599.0,84,,0.0,3.0,1
347,,58,57180.0,22,,9.0,1.0,1
348,,99,184426.0,41,,9.0,1.0,1
349,,24,151085.0,39,,2.0,5.0,1
350,,88,166107.0,98,,13.0,4.0,-1
351,,92,67850.0,91,,9.0,4.0,1
352,,99,173394.0,4,,13.0,1.0,-1
353,,51,72303.0,98,,7.0,1.0,1
354,,23,181760.0,35,,14.0,3.0,-1
355,,13,146858.0,75,,9.0,1.0,1
356,,22,172923.0,20,,6.0,1.0,1
357,,89,115811.0,87,,11.0,4.0,1
358,,20,184324.0,51,,13.0,5.0,-1
359,,72,67353.0,19,,9.0,3.0,1
360,,17,165999.0,71,,9.0,3.0,1
361,,90,164914.0,18,,8.0,3.0,1
362,,99,63364.0,61,,1.0,2.0,1
363,,39,182352.0,73,,4.0,3.0,1
364,,37,148544.0,56,,1.0,2.0,1
365,,46,62833.0,85,,1.0,2.0,1
366,,65,120627.0,72,,0.0,2.0,1
367,,60,130898.0,30,,1.0,1.0,1
368,,93,103130.0,74,,12.0,3.0,1
369,,72,106681.0,15,,9.0,5.0,1
370,,36,87353.0,25,,1.0,5.0,1
371,,52,88046.0,61,,8.0,1.0,1
372,,72,98168.0,49,,1.0,2.0,1
373,,28,178265.0,5,,2.0,1.0,1
374,,48,167232.0,92,,6.0,4.0,1
375,,85,140478.0,43,,6.0,4.0,1
376,,22,159296.0,83,,8.0,1.0,1
377,,30,144043.0,78,,1.0,1.0,1
378,,46,72594.0,64,,1.0,2.0,1
379,,82,180288.0,77,,2.0,2.0,1
380,,73,165734.0,51,,0.0,1.0,1
381,,8,175407.0,2,,5.0,1.0,1
382,,90,70201.0,8,,0.0,2.0,1
383,,34,91503.0,26,,0.0,6.0,1
384,,10,184522.0,43,,0.0,2.0,1
385,,79,143560.0,83,,1.0,3.0,1
386,,83,131574.0,97,,1.0,2.0,1
387,,20,151124.0,18,,15.0,3.0,-1
388,,25,67447.0,5,,15.0,2.0,-1
389,,26,117454.0,8,,16.0,2.0,-1
390,,18,86203.0,23,,13.0,1.0,-1
391,,7,136231.0,10,,7.0,1.0,1
392,,1,89144.0,1,,12.0,2.0,-1
393,,21,119116.0,30,,17.0,4.0,-1
394,,86,163463.0,31,,9.0,4.0,1
395,,75,151696.0,82,,15.0,1.0,-1
396,,78,184736.0,52,,13.0,1.0,-1
397,,87,70419.0,69,,6.0,4.0,1
398,,8,119104.0,41,,14.0,3.0,-1
399,,59,130950.0,28,,5.0,3.0,1
400,,13,140950.0,77,,15.0,2.0,-1
401,,55,82285.0,35,,16.0,1.0,-1
402,,50,91389.0,92,,11.0,7.0,1
403,,54,186359.0,95,,13.0,2.0,-1
404,,13,178989.0,46,,14.0,3.0,-1
405,,79,166335.0,45,,5.0,5.0,1
406,,65,119889.0,11,,17.0,6.0,-1
407,,51,66852.0,73,,15.0,3.0,1
408,,18,103896.0,36,,16.0,4.0,1
409,,21,187761.0,87,,2.0,3.0,1
410,,37,102717.0,93,,7.0,4.0,1
411,,83,102647.0,83,,0.0,2.0,1
412,,96,113585.0,31,,0.0,4.0,1
413,,65,86509.0,88,,0.0,4.0,1
414,,80,59099.0,44,,1.0,7.0,1
415,,75,135088.0,5,,1.0,5.0,1
416,,87,110870.0,78,,1.0,4.0,1
417,,86,187667.0,12,,0.0,1.0,1
418,,36,124614.0,25,,8.0,5.0,1
419,,78,166492.0,40,,9.0,7.0,1
420,,62,172758.0,69,,1.0,2.0,1
421,,89,122430.0,19,,1.0,1.0,1
422,,56,183540.0,96,,0.0,6.0,1
423,,35,96484.0,34,,5.0,4.0,1
424,,33,112587.0,71,,1.0,4.0,1
425,,58,155672.0,71,,7.0,7.0,1
426,,68,72847.0,93,,1.0,2.0,1
427,,38,71897.0,32,,2.0,3.0,1
428,,31,158479.0,57,,1.0,5.0,1
429,,90,89251.0,4,,1.0,1.0,1
430,,28,179911.0,24,,1.0,1.0,1
431,,1,111558.0,85,,7.0,4.0,1
432,,78,127615.0,78,,10.0,7.0,1
433,,23,50076.0,32,,3.0,5.0,1
434,,25,77779.0,62,,4.0,1.0,1
435,,59,169999.0,38,,5.0,5.0,1
436,,7,106581.0,76,,1.0,7.0,1
437,,24,78223.0,41,,0.0,1.0,1
438,,76,136259.0,14,,0.0,7.0,1
439,,37,153399.0,93,,1.0,6.0,1
440,,6,162858.0,91,,0.0,1.0,1
441,,0,57373.0,29,,0.0,7.0,-1
442,,3,133602.0,47,,1.0,1.0,1
443,,95,66322.0,88,,0.0,3.0,1
444,,0,68761.0,16,,1.0,4.0,1
445,,7,70749.0,86,,13.0,3.0,-1
446,,54,65874.0,87,,7.0,6.0,1
447,,89,115996.0,24,,15.0,1.0,-1
448,,58,67097.0,91,,6.0,1.0,1
449,,12,108027.0,64,,13.0,5.0,1
450,,7,176349.0,80,,8.0,2.0,1
451,,11,88452.0,40,,8.0,6.0,1
452,,74,128266.0,55,,7.0,4.0,1
453,,64,156777.0,20,,7.0,2.0,1
454,,48,123234.0,50,,10.0,7.0,1
455,,8,60790.0,38,,1.0,5.0,1
456,,15,181332.0,99,,14.0,6.0,-1
457,,1,187297.0,7,,0.0,1.0,-1
458,,21,153885.0,86,,6.0,6.0,1
459,,84,53500.0,44,,3.0,4.0,1
460,,5,69443.0,28,,4.0,6.0,1
461,,47,124072.0,56,,0.0,7.0,1
462,,96,135800.0,29,,0.0,7.0,1
463,,93,120597.0,96,,2.0,4.0,1
464,,16,91358.0,11,,1.0,4.0,1
465,,56,53231.0,41,,0.0,5.0,1
466,,76,156330.0,31,,1.0,2.0,1
467,,0,186002.0,80,,15.0,2.0,-1
468,,70,111760.0,53,,12.0,5.0,1
469,,47,143906.0,12,,4.0,3.0,1
470,,13,182410.0,22,,11.0,4.0,1
471,,86,98463.0,46,,10.0,5.0,1
472,,91,93762.0,28,,15.0,7.0,-1
473,,97,104582.0,50,,8.0,2.0,1
474,,20,130813.0,92,,17.0,5.0,-1
475,,11,59202.0,92,,5.0,4.0,1
476,,28,79968.0,45,,9.0,2.0,1
477,,32,104824.0,42,,0.0,7.0,1
478,,82,188719.0,30,,0.0,6.0,1
479,,39,187536.0,66,,3.0,6.0,1
480,,7,134008.0,85,,2.0,1.0,1
481,,13,176397.0,71,,6.0,3.0,1
482,,34,154888.0,43,,9.0,6.0,1
483,,76,155622.0,81,,0.0,2.0,1
484,,30,62330.0,60,,1.0,1.0,1
485,,69,112838.0,34,,1.0,7.0,1
486,,22,58283.0,59,,2.0,4.0,1
487,,60,77857.0,81,,1.0,6.0,1
488,,66,125024.0,25,,0.0,1.0,1
489,,57,136242.0,34,,9.0,1.0,1
490,,60,81934.0,81,,1.0,4.0,1
491,,59,130511.0,97,,3.0,4.0,1
492,,54,144502.0,88,,3.0,1.0,1
493,,90,63769.0,6,,4.0,2.0,1
494,,14,66760.0,20,,0.0,4.0,1
495,,34,135115.0,54,,1.0,7.0,1
496,,85,179877.0,17,,12.0,4.0,1
497,,83,93351.0,65,,1.0,1.0,1
498,,12,84547.0,96,,3.0,3.0,1
499,,95,121725.0,3,,12.0,3.0,-1
500,,41,65723.0,91,,6.0,7.0,1
501,,38,96794.0,96,,6.0,3.0,1
502,,68,72352.0,61,,8.0,5.0,1
503,,4,53097.0,21,,0.0,7.0,1
504,,5,144831.0,17,,1.0,3.0,1
505,,3,183851.0,10,,1.0,2.0,1
506,,20,111896.0,90,,1.0,3.0,1
507,,3,64824.0,30,,1.0,1.0,1
508,,36,88565.0,16,,1.0,5.0,1
509,,70,104974.0,63,,1.0,1.0,1
510,,17,167060.0,47,,1.0,5.0,1
511,,31,69018.0,17,,6.0,1.0,1
512,,48,174109.0,96,,0.0,1.0,1
513,,28,62186.0,29,,0.0,1.0,1
514,,97,183783.0,70,,9.0,3.0,1
515,,81,83771.0,1,,1.0,2.0,1
516,,37,148196.0,91,,0.0,2.0,1
517,,85,131742.0,87,,1.0,1.0,1
518,,78,59971.0,94,,14.0,7.0,-1
519,,13,88960.0,2,,13.0,3.0,-1
520,,53,140107.0,38,,1.0,5.0,1
521,,41,161896.0,49,,1.0,3.0,1
522,,9,57272.0,60,,1.0,1.0,1
523,,20,119952.0,2,,8.0,2.0,1
524,,98,167197.0,63,,1.0,5.0,1
525,,44,186116.0,2,,8.0,6.0,1
526,,66,134677.0,59,,15.0,5.0,1
527,,58,180479.0,74,,0.0,3.0,1
528,,97,112783.0,21,,9.0,6.0,1
529,,13,150258.0,17,,0.0,3.0,1
530,,48,115832.0,92,,2.0,2.0,1
531,,47,104834.0,44,,0.0,7.0,1
532,,93,152571.0,66,,14.0,5.0,1
533,,11,162287.0,45,,3.0,2.0,1
534,,68,171761.0,59,,1.0,6.0,1
535,,87,77709.0,73,,0.0,1.0,1
536,,22,95053.0,17,,1.0,2.0,1
537,,89,74820.0,33,,1.0,2.0,1
538,,57,152267.0,92,,9.0,5.0,1
539,,91,71925.0,14,,4.0,2.0,1
540,,84,151340.0,95,,1.0,7.0,1
541,,56,162921.0,51,,0.0,4.0,1
542,,26,52234.0,30,,1.0,2.0,1
543,,56,100271.0,87,,1.0,5.0,1
544,,6,170266.0,23,,3.0,2.0,1
545,,33,88763.0,1,,1.0,1.0,1
546,,89,107359.0,26,,10.0,6.0,1
547,,99,164781.0,83,,0.0,2.0,1
548,,25,156016.0,85,,2.0,1.0,1
549,,96,186882.0,40,,1.0,7.0,1
550,,35,99300.0,88,,5.0,2.0,1
551,,16,58127.0,65,,0.0,3.0,1
552,,81,89211.0,12,,1.0,7.0,1
553,,7,148607.0,59,,1.0,7.0,1
554,,31,139592.0,62,,1.0,1.0,1
555,,16,172051.0,62,,1.0,3.0,1
556,,89,57033.0,99,,0.0,4.0,1
557,,84,117612.0,63,,0.0,6.0,1
558,,40,185321.0,96,,0.0,7.0,1
559,,17,186577.0,5,,8.0,5.0,1
560,,0,151298.0,89,,0.0,6.0,1
561,,69,123925.0,52,,1.0,7.0,1
562,,17,169496.0,12,,11.0,6.0,1
563,,0,142892.0,25,,8.0,1.0,1
564,,34,58979.0,3,,9.0,5.0,1
565,,51,141416.0,100,,15.0,1.0,-1
566,,54,104854.0,67,,1.0,7.0,1
567,,19,180331.0,14,,17.0,5.0,-1
568,,99,172896.0,13,,0.0,3.0,1
569,,2,101451.0,82,,4.0,3.0,1
570,,91,189974.0,37,,8.0,1.0,1
571,,65,90084.0,65,,1.0,6.0,1
572,,47,112247.0,24,,4.0,5.0,1
573,,91,181775.0,61,,4.0,5.0,1
574,,64,59088.0,31,,1.0,3.0,1
575,,91,60856.0,23,,1.0,6.0,1
576,,32,149900.0,34,,6.0,3.0,1
577,,15,142776.0,98,,8.0,5.0,1
578,,22,162598.0,84,,8.0,3.0,1
579,,37,146195.0,89,,4.0,4.0,1
580,,83,135268.0,53,,4.0,5.0,1
581,,89,136037.0,1,,5.0,1.0,1
582,,33,111191.0,67,,9.0,4.0,1
583,,13,144111.0,62,,12.0,5.0,1
584,,71,177359.0,56,,6.0,2.0,1
585,,10,112818.0,85,,15.0,7.0,-1
586,,49,53509.0,98,,5.0,4.0,1
587,,9,168269.0,75,,10.0,2.0,1
588,,53,86766.0,2,,16.0,3.0,-1
589,,63,52661.0,25,,12.0,5.0,1
590,,46,148520.0,14,,11.0,5.0,1
591,,42,149936.0,52,,15.0,3.0,-1
592,,73,102296.0,31,,7.0,5.0,1
593,,75,178416.0,16,,10.0,7.0,1
594,,49,83788.0,41,,15.0,1.0,-1
595,,96,184771.0,77,,8.0,5.0,1
596,,52,70302.0,88,,14.0,3.0,-1
597,,15,58639.0,51,,5.0,7.0,1
598,,91,97879.0,40,,15.0,7.0,-1
599,,22,64707.0,29,,7.0,3.0,1
600,,62,71795.0,87,,8.0,1.0,1
601,,41,76567.0,85,,16.0,1.0,-1
602,,61,126370.0,20,,11.0,4.0,1
603,,71,154007.0,32,,7.0,7.0,1
604,,91,69720.0,78,,17.0,6.0,-1
605,,94,85265.0,68,,7.0,6.0,1
606,,3,155864.0,31,,13.0,3.0,-1
607,,15,99421.0,72,,8.0,7.0,1
608,,96,145457.0,57,,2.0,1.0,1
609,,12,118041.0,77,,9.0,2.0,1
610,,23,73759.0,83,,0.0,7.0,1
611,,94,90082.0,17,,5.0,7.0,1
612,,7,74928.0,12,,0.0,6.0,1
613,,74,101352.0,36,,0.0,5.0,1
614,,52,93947.0,81,,9.0,2.0,1
615,,39,134629.0,23,,1.0,6.0,1
616,,72,101858.0,70,,8.0,6.0,1
617,,55,165501.0,47,,10.0,4.0,1
618,,29,135931.0,74,,5.0,1.0,1
619,,38,103356.0,20,,1.0,6.0,1
620,,44,75195.0,79,,1.0,3.0,1
621,,58,123083.0,44,,6.0,5.0,1
622,,77,73884.0,30,,1.0,2.0,1
623,,56,91180.0,61,,1.0,7.0,1
624,,79,86235.0,52,,0.0,2.0,1
625,,97,96400.0,4,,1.0,7.0,-1
626,,78,83599.0,12,,1.0,6.0,1
627,,91,82535.0,50,,0.0,1.0,1
628,,35,92227.0,8,,0.0,5.0,1
629,,43,150444.0,27,,13.0,4.0,1
630,,37,149095.0,83,,1.0,2.0,1
631,,63,113605.0,42,,3.0,3.0,1
632,,16,93854.0,82,,0.0,7.0,1
633,,32,118280.0,92,,0.0,5.0,1
634,,91,94576.0,90,,0.0,1.0,1
635,,33,129257.0,70,,6.0,3.0,1
636,,57,70373.0,10,,2.0,6.0,1
637,,43,77600.0,66,,0.0,1.0,1
638,,26,113707.0,97,,0.0,5.0,1
639,,59,189672.0,8,,0.0,7.0,-1
640,,61,143180.0,58,,0.0,5.0,1
641,,59,174890.0,14,,3.0,4.0,1
642,,66,121377.0,19,,7.0,7.0,1
643,,26,154857.0,13,,0.0,7.0,1
644,,67,160945.0,51,,0.0,5.0,1
645,,85,119557.0,35,,0.0,2.0,1
646,,76,187141.0,33,,0.0,7.0,1
647,,57,97468.0,22,,0.0,1.0,1
648,,77,160351.0,77,,8.0,5.0,1
649,,66,178627.0,94,,1.0,2.0,1
650,,49,170188.0,80,,1.0,6.0,1
651,,36,166007.0,40,,1.0,4.0,1
652,,74,91794.0,83,,0.0,7.0,1
653,,16,189072.0,86,,6.0,3.0,1
654,,27,152717.0,15,,1.0,6.0,1
655,,3,158549.0,98,,0.0,3.0,1
656,,31,134263.0,94,,1.0,3.0,1
657,,30,148236.0,28,,1.0,1.0,1
658,,94,171677.0,81,,0.0,6.0,1
659,,31,189446.0,38,,1.0,6.0,1
660,,49,106633.0,53,,0.0,3.0,1
661,,49,81084.0,48,,6.0,5.0,1
662,,53,148759.0,52,,7.0,7.0,1
663,,3,117638.0,95,,2.0,7.0,1
664,,91,159537.0,37,,4.0,1.0,1
665,,26,79526.0,6,,9.0,7.0,1
666,,28,101414.0,64,,8.0,1.0,1
667,,92,109519.0,72,,1.0,4.0,1
668,,59,156880.0,70,,0.0,7.0,1
669,,15,157278.0,58,,0.0,6.0,1
670,,23,144916.0,84,,1.0,7.0,1
671,,54,59163.0,100,,3.0,3.0,1
672,,93,93991.0,49,,1.0,3.0,1
673,,65,58318.0,45,,1.0,1.0,1
674,,13,180786.0,88,,1.0,5.0,1
675,,71,84622.0,45,,0.0,6.0,1
676,,1,92674.0,59,,8.0,4.0,1
677,,57,87553.0,94,,1.0,1.0,1
678,,14,74174.0,79,,1.0,2.0,1
679,,77,180831.0,33,,1.0,2.0,1
680,,89,137397.0,33,,1.0,7.0,1
681,,17,96154.0,100,,1.0,4.0,1
682,,86,172477.0,69,,1.0,3.0,1
683,,42,59954.0,37,,4.0,4.0,1
684,,29,112240.0,95,,0.0,4.0,1
685,,54,145679.0,35,,0.0,2.0,1
686,,96,136265.0,49,,12.0,5.0,1
687,,58,74869.0,12,,0.0,3.0,1
688,,52,109425.0,46,,0.0,1.0,1
689,,3,126015.0,57,,0.0,1.0,1
690,,13,156951.0,66,,4.0,7.0,1
691,,3,127172.0,68,,1.0,2.0,1
692,,89,113834.0,22,,0.0,3.0,1
693,,83,132005.0,2,,0.0,5.0,1
694,,80,171323.0,78,,10.0,4.0,1
695,,74,92355.0,87,,1.0,4.0,1
696,,42,60982.0,3,,0.0,5.0,1
697,,91,51742.0,33,,8.0,3.0,1
698,,31,138612.0,71,,9.0,2.0,1
699,,8,158123.0,84,,1.0,1.0,1
700,,64,164675.0,65,,0.0,5.0,1
701,,41,172882.0,27,,8.0,7.0,1
702,,62,70119.0,93,,0.0,1.0,1
703,,41,113998.0,26,,7.0,7.0,1
704,,22,114011.0,40,,5.0,7.0,1
705,,5,57265.0,89,,7.0,7.0,1
706,,38,130597.0,2,,6.0,1.0,1
707,,88,121597.0,7,,0.0,5.0,1
708,,56,103210.0,100,,6.0,6.0,1
709,,47,66308.0,8,,0.0,4.0,1
710,,4,141336.0,93,,2.0,1.0,1
711,,82,153632.0,76,,9.0,7.0,1
712,,31,65520.0,71,,1.0,2.0,1
713,,69,153217.0,83,,1.0,6.0,1
714,,62,92768.0,75,,1.0,1.0,1
715,,54,132345.0,10,,0.0,2.0,1
716,,60,110878.80220883535,49,,1.0,2.0,1
717,,31,53802.0,32,,1.0,7.0,1
718,,17,103739.0,62,,6.0,4.0,1
719,,15,50550.0,34,,9.0,7.0,1
720,,37,145648.0,21,,7.0,6.0,1
721,,36,85737.0,37,,0.0,3.0,1
722,,27,99950.0,20,,0.0,4.0,1
723,,11,83220.0,21,,7.0,4.0,1
724,,83,73410.0,50,,8.0,5.0,1
725,,71,64310.0,43,,2.0,1.0,1
726,,20,59844.0,79,,0.0,1.0,1
727,,3,67787.0,1,,1.0,6.0,1
728,,52,172841.0,4,,0.0,1.0,1
729,,75,145528.0,61,,1.0,2.0,1
730,,36,173807.0,42,,0.0,2.0,1
731,,60,185794.0,69,,7.0,1.0,1
732,,8,119780.0,71,,1.0,3.0,1
733,,9,158596.0,86,,1.0,2.0,1
734,,41,118122.0,52,,0.0,6.0,1
735,,38,99964.0,11,,7.0,4.0,1
736,,69,120752.0,27,,1.0,6.0,1
737,,33,189630.0,53,,5.0,5.0,1
738,,64,125510.0,6,,3.0,3.0,1
739,,19,101799.0,49,,1.0,1.0,1
740,,88,92914.0,74,,0.0,3.0,1
741,,91,162465.0,59,,9.0,3.0,1
742,,84,163818.0,27,,2.0,1.0,1
743,,43,53832.0,56,,4.0,1.0,1
744,,30,140190.0,49,,1.0,4.0,1
745,,16,125836.0,69,,1.0,4.0,1
746,,89,100938.0,27,,0.0,7.0,1
747,,5,168670.0,37,,1.0,3.0,1
748,,54,176885.0,10,,0.0,3.0,1
749,,41,111174.0,28,,4.0,5.0,1
750,,80,127335.0,97,,6.0,6.0,1
751,,37,149103.0,3,,10.0,1.0,1
752,,87,167705.0,31,,0.0,7.0,1
753,,50,183548.0,85,,1.0,4.0,1
754,,14,50396.0,46,,0.0,6.0,1
755,,17,63557.0,3,,1.0,1.0,1
756,,98,87878.0,55,,1.0,6.0,1
757,,3,55634.0,53,,8.0,3.0,1
758,,83,118110.0,26,,1.0,5.0,1
759,,13,129396.0,36,,4.103103103103103,6.0,1
759,,46,62628.0,64,,8.0,6.0,1
761,,25,51700.0,17,,4.0,6.0,1
762,,4,106816.0,49,,7.0,5.0,1
763,,64,93000.0,67,,0.0,2.0,1
764,,84,144148.0,71,,1.0,4.0,1
765,,12,101388.0,90,,0.0,2.0,1
766,,56,171560.0,78,,0.0,2.0,1
767,,58,156366.0,60,,8.0,1.0,1
768,,0,143910.0,22,,1.0,7.0,1
769,,25,106569.0,84,,1.0,3.0,1
770,,28,173009.0,25,,9.0,6.0,1
771,,78,54252.0,29,,0.0,5.0,1
772,,56,104600.0,57,,6.0,3.0,1
773,,91,50250.0,54,,0.0,2.0,1
774,,77,93242.0,84,,0.0,7.0,1
775,,83,156839.0,38,,3.0,7.0,1
776,,64,71305.0,39,,9.0,2.0,1
777,,19,85975.0,73,,0.0,6.0,1
778,,94,188107.0,52,,10.0,2.0,1
779,,19,82333.0,35,,1.0,2.0,1
780,,84,125016.0,25,,1.0,7.0,1
781,,10,148908.0,10,,2.0,3.0,1
782,,19,58217.0,70,,0.0,1.0,1
783,,74,76521.0,29,,7.0,4.0,1
784,,95,117763.0,42,,1.0,2.0,1
785,,34,115184.0,93,,1.0,4.0,1
786,,30,54251.0,7,,2.0,6.0,1
787,,53,112530.0,24,,2.0,6.0,1
788,,67,107409.0,2,,1.0,6.0,1
789,,23,84793.0,23,,9.0,6.0,1
790,,25,66952.0,79,,1.0,2.0,1
791,,84,153465.0,11,,1.0,4.0,1
792,,1,178214.0,17,,1.0,7.0,1
793,,70,152069.0,42,,4.0,4.0,1
794,,56,132860.0,17,,7.0,2.0,1
795,,0,147719.0,86,,1.0,7.0,1
796,,91,172915.0,29,,9.0,1.0,1
797,,81,148594.0,29,,3.0,5.0,1
798,,33,61986.0,77,,0.0,1.0,1
799,,75,91456.0,13,,1.0,4.0,1
800,,11,166247.0,84,,1.0,2.0,1
801,,61,140516.0,50,,0.0,3.0,1
802,,81,148208.0,36,,5.0,7.0,1
803,,62,133822.0,78,,0.0,4.0,1
804,,44,175424.0,32,,4.0,5.0,1
805,,67,121528.0,92,,8.0,4.0,1
806,,30,189369.0,69,,0.0,3.0,1
807,,92,80808.0,26,,1.0,1.0,1
808,,25,57535.0,84,,1.0,7.0,1
809,,61,163509.0,51,,0.0,4.0,1
810,,72,75884.0,57,,0.0,7.0,1
811,,89,157759.0,52,,1.0,6.0,1
812,,37,184813.0,44,,0.0,2.0,1
813,,59,187253.0,51,,8.0,7.0,1
814,,41,81718.0,36,,1.0,3.0,1
815,,60,150019.0,37,,1.0,2.0,1
816,,81,53452.0,73,,1.0,6.0,1
817,,85,150765.0,42,,8.0,2.0,1
818,,91,154456.0,71,,0.0,7.0,1
819,,65,56647.0,12,,6.0,4.0,1
820,,19,117477.0,48,,6.0,7.0,1
821,,78,79677.0,9,,10.0,7.0,1
822,,0,116759.0,28,,7.0,3.0,1
823,,26,180702.0,21,,6.0,1.0,1
824,,2,122698.0,100,,8.0,1.0,-1
825,,60,169346.0,55,,7.0,2.0,1
826,,67,93176.0,25,,4.0,1.0,1
827,,4,75853.0,40,,4.0,5.0,1
828,,7,119362.0,58,,8.0,1.0,1
829,,28,81545.0,36,,4.0,7.0,1
830,,67,67372.0,75,,0.0,7.0,1
831,,30,109703.0,61,,1.0,1.0,1
832,,38,166697.0,39,,13.0,4.0,1
833,,40,124982.0,34,,1.0,7.0,1
834,,6,146776.0,83,,1.0,7.0,1
835,,3,147548.0,45,,4.0,5.0,1
836,,51,117620.0,60,,7.0,6.0,1
837,,63,85351.0,57,,0.0,2.0,1
838,,65,174432.0,8,,0.0,7.0,1
839,,44,70787.0,68,,1.0,3.0,1
840,,90,75473.0,63,,0.0,7.0,1
841,,76,90082.0,49,,1.0,6.0,1
842,,62,185388.0,54,,0.0,2.0,1
843,,5,168110.0,69,,14.0,6.0,-1
844,,67,184628.0,38,,12.0,2.0,1
845,,38,176551.0,45,,8.0,1.0,1
846,,31,76422.0,21,,9.0,7.0,1
847,,2,164248.0,51,,9.0,3.0,1
848,,82,109188.0,38,,5.0,7.0,1
849,,66,132951.0,26,,4.0,1.0,1
850,,75,164598.0,32,,8.0,1.0,1
851,,69,186655.0,32,,7.0,2.0,1
852,,62,111859.0,86,,6.0,1.0,1
853,,0,121926.0,41,,7.0,1.0,1
854,,11,143047.0,42,,1.0,3.0,1
855,,22,131748.0,23,,1.0,3.0,1
856,,76,142801.0,23,,0.0,1.0,1
857,,85,142723.0,46,,0.0,6.0,1
858,,21,155151.0,16,,14.0,3.0,1
859,,64,153607.0,48,,1.0,4.0,1
860,,94,144192.0,34,,0.0,3.0,1
861,,83,174159.0,22,,4.0,4.0,1
862,,93,73642.0,50,,0.0,3.0,1
863,,12,170319.0,46,,8.0,7.0,1
864,,0,141351.0,10,,0.0,2.0,1
865,,79,167411.0,9,,12.0,5.0,1
866,,90,58289.0,49,,5.0,6.0,1
867,,45,79801.0,77,,0.0,2.0,1
868,,82,146118.0,52,,8.0,7.0,1
869,,57,57337.0,14,,1.0,4.0,1
870,,43,113575.0,6,,1.0,2.0,1
871,,63,122658.0,65,,6.0,2.0,1
872,,62,151836.0,13,,0.0,6.0,1
873,,43,185900.0,80,,9.0,4.0,1
874,,34,94029.0,98,,1.0,4.0,1
875,,30,157290.0,22,,2.0,2.0,1
876,,97,175996.0,42,,10.0,4.0,1
877,,68,102016.0,37,,0.0,4.0,1
878,,16,77902.0,67,,1.0,2.0,1
879,,15,81138.0,86,,9.0,7.0,1
880,,25,128258.0,48,,0.0,2.0,1
881,,29,62475.0,24,,6.0,4.0,1
882,,85,82854.0,75,,6.0,4.0,1
883,,30,59284.0,38,,7.0,7.0,1
884,,13,141580.0,92,,0.0,4.0,1
885,,88,171362.0,90,,6.0,4.0,1
886,,5,78274.0,65,,9.0,2.0,1
887,,95,76646.0,61,,0.0,1.0,1
888,,92,78308.0,66,,5.0,2.0,1
889,,63,78971.0,89,,1.0,2.0,1
890,,75,65528.0,73,,1.0,5.0,1
891,,67,94199.0,71,,5.0,7.0,1
892,,58,135705.0,48,,8.0,7.0,1
893,,52,130573.0,31,,8.0,3.0,1
894,,85,152303.0,68,,1.0,5.0,1
895,,31,144582.0,89,,1.0,1.0,1
896,,84,93288.0,60,,10.0,6.0,1
897,,93,88192.0,3,,10.0,2.0,1
898,,18,62362.0,81,,7.0,3.0,1
899,,73,74350.0,39,,10.0,1.0,1
900,,3,144103.0,42,,8.0,7.0,1
901,,1,75518.0,17,,7.0,3.0,1
902,,53,160980.0,62,,4.0,2.0,1
903,,75,102904.0,28,,7.0,6.0,1
904,,15,174501.0,37,,9.0,7.0,1
905,,47,157661.0,57,,6.0,6.0,1
906,,66,118385.0,8,,10.0,3.0,1
907,,17,116463.0,100,,8.0,4.0,1
908,,1,161212.0,14,,9.0,6.0,1
909,,16,172601.0,50,,4.0,6.0,1
910,,52,167214.0,94,,8.0,7.0,1
911,,21,69644.0,19,,5.0,1.0,1
912,,19,120215.0,46,,7.0,2.0,1
913,,29,180401.0,23,,7.0,6.0,1
914,,40,113739.0,93,,5.0,7.0,1
915,,76,111717.0,41,,1.0,2.0,1
916,,91,62808.0,20,,0.0,4.0,1
917,,24,67582.0,13,,1.0,3.0,1
918,,4,96543.0,60,,9.0,1.0,1
919,,90,89667.0,69,,0.0,2.0,1
920,,56,98980.0,65,,0.0,1.0,1
921,,14,124998.0,17,,1.0,3.0,1
922,,52,189091.0,12,,0.0,6.0,1
923,,14,153842.0,3,,1.0,3.0,1
924,,30,106314.0,16,,0.0,7.0,1
925,,70,62901.0,60,,8.0,5.0,1
926,,14,149618.0,78,,4.0,6.0,1
927,,95,72068.0,97,,0.0,6.0,1
928,,25,81367.0,87,,0.0,3.0,1
929,,95,118575.0,10,,1.0,3.0,1
930,,12,82382.0,97,,1.0,3.0,1
931,,82,114776.0,55,,10.0,3.0,1
932,,2,145597.0,81,,1.0,6.0,1
933,,51,162072.0,86,,1.0,1.0,1
934,,63,172872.0,11,,0.0,7.0,1
935,,30,182162.0,6,,1.0,3.0,1
936,,68,71467.0,81,,5.0,7.0,1
937,,21,85568.0,1,,0.0,6.0,1
938,,99,56851.0,72,,6.0,3.0,1
939,,0,116782.0,73,,9.0,5.0,1
940,,80,67781.0,1,,4.0,4.0,1
941,,51,70152.0,29,,0.0,2.0,1
942,,18,185861.0,82,,3.0,6.0,1
943,,43,162595.0,17,,3.0,3.0,1
944,,29,80098.0,54,,10.0,6.0,1
945,,20,184801.0,8,,1.0,1.0,1
946,,39,58908.0,37,,6.0,6.0,1
947,,9,146011.0,69,,9.0,5.0,1
948,,45,135174.0,39,,9.0,4.0,1
949,,65,114244.0,64,,0.0,1.0,1
950,,64,157207.0,52,,0.0,4.0,1
951,,81,128834.0,23,,5.0,4.0,1
952,,54,51166.0,24,,0.0,7.0,1
953,,32,130118.0,36,,0.0,4.0,1
954,,29,87014.0,71,,11.0,4.0,1
955,,25,111379.0,93,,0.0,2.0,1
956,,5,83704.0,82,,1.0,1.0,1
957,,55,90558.0,49,,8.0,2.0,1
958,,12,187343.0,14,,6.0,3.0,1
959,,81,111174.0,48,,9.0,6.0,1
960,,87,64461.0,63,,4.0,4.0,1
961,,12,109618.0,97,,7.0,3.0,1
962,,91,189357.0,4,,7.0,1.0,-1
963,,63,120955.0,79,,6.0,1.0,1
964,,97,168898.0,54,,8.0,7.0,1
965,,89,130431.0,52,,6.0,3.0,1
966,,59,161091.0,56,,9.0,1.0,1
967,,26,69988.0,2,,5.0,4.0,1
968,,5,169702.0,98,,5.0,1.0,1
969,,32,186897.0,49,,1.0,7.0,1
970,,98,109061.0,41,,6.0,1.0,1
971,,31,188620.0,30,,3.0,6.0,1
972,,59,108675.0,57,,4.0,5.0,1
973,,80,177601.0,34,,0.0,2.0,1
974,,12,87365.0,3,,1.0,2.0,1
975,,80,95929.0,23,,0.0,2.0,1
976,,59,97185.0,87,,0.0,5.0,1
977,,56,103838.0,17,,1.0,2.0,1
978,,18,129260.0,11,,1.0,3.0,1
979,,66,151184.0,19,,1.0,4.0,1
980,,67,177512.0,62,,2.0,3.0,1
981,,39,140099.0,51,,0.0,7.0,1
982,,23,67535.0,97,,7.0,6.0,1
983,,47,133236.0,61,,1.0,6.0,1
984,,41,87975.0,5,,9.0,7.0,1
985,,40,164350.0,23,,0.0,5.0,1
986,,36,55109.0,53,,8.0,3.0,1
987,,12,67613.0,40,,1.0,2.0,1
988,,60,185306.0,47,,0.0,2.0,1
989,,24,154787.0,84,,3.0,5.0,1
990,,17,109759.0,96,,9.0,3.0,1
991,,92,114571.0,51,,1.0,3.0,1
992,,32,130697.0,93,,1.0,2.0,1
993,,39,115916.0,24,,13.0,6.0,1
994,,50,69814.0,53,,9.0,2.0,1
995,,85,118161.0,74,,0.0,4.0,1
996,,65,56583.0,65,,2.0,3.0,1
997,,17,185843.0,36,,4.0,3.0,1
998,,31,171825.0,22,,10.0,4.0,1
999,,24,77976.0,95,,11.0,3.0,1
1000,,97,66312.0,75,,0.0,1.0,1
1001,,92,81839.0,11,,0.0,4.0,1
1002,,80,55712.0,5,,5.0,6.0,1
1003,,33,158335.0,45,,2.0,5.0,1
1004,,8,74253.0,45,,1.0,6.0,1
1005,,67,119625.0,3,,4.0,4.0,1
1006,,8,129743.0,6,,0.0,2.0,1
1007,,61,101007.0,60,,0.0,6.0,1
1008,,83,87529.0,49,,9.0,7.0,1
1009,,8,151648.0,98,,8.0,6.0,1
1010,,69,61637.0,67,,0.0,5.0,1
1011,,14,164659.0,59,,1.0,6.0,1
1012,,80,125623.0,62,,0.0,4.0,1
1013,,85,104054.0,22,,8.0,4.0,1
1014,,88,83535.0,56,,1.0,5.0,1
1015,,76,166245.0,13,,7.0,3.0,1
1016,,32,100890.0,60,,4.0,4.0,1
1017,,99,55972.0,83,,1.0,7.0,1
1018,,85,134282.0,39,,2.0,5.0,1
1019,,25,106669.0,22,,1.0,7.0,1
1020,,99,145777.0,94,,1.0,5.0,1
1021,,41,119259.0,91,,1.0,5.0,1
1022,,1,150174.0,59,,2.0,2.0,1
1023,,45,55472.0,51,,1.0,3.0,1
1024,,55,99423.0,82,,0.0,5.0,1
1025,,20,146221.0,25,,0.0,3.0,1
1026,,33,84238.0,31,,1.0,2.0,1
1027,,92,57032.0,75,,1.0,5.0,1
1028,,93,88811.0,52,,0.0,4.0,1
1029,,60,167420.0,38,,5.0,2.0,1
1030,,38,101846.0,17,,3.0,2.0,1
1031,,15,114061.0,87,,2.0,5.0,1
1032,,74,147449.0,16,,1.0,5.0,1
1033,,47,83043.0,76,,0.0,1.0,1
1034,,96,168990.0,81,,9.0,5.0,1
1035,,97,73867.0,65,,4.0,5.0,1
1036,,35,165772.0,51,,1.0,4.0,1
1037,,19,178217.0,38,,0.0,3.0,1
1038,,60,162612.0,98,,1.0,6.0,1
1039,,37,99872.0,53,,11.0,3.0,1
1040,,49,142566.0,77,,1.0,7.0,1
1041,,1,111424.0,80,,8.0,5.0,1
1042,,43,187841.0,38,,1.0,4.0,1
1043,,46,171921.0,50,,1.0,6.0,1
1044,,65,115299.0,87,,6.0,3.0,1
1045,,75,94129.0,27,,6.0,7.0,1
1046,,40,172378.0,39,,5.0,6.0,1
1047,,28,146597.0,31,,1.0,4.0,1
1048,,78,64057.0,44,,0.0,3.0,1
1049,,22,163585.0,49,,9.0,5.0,1
1050,,6,93186.0,83,,1.0,3.0,1
1051,,46,149764.0,1,,0.0,6.0,1
1052,,17,116822.0,84,,1.0,3.0,1
1053,,46,109346.0,37,,1.0,2.0,1
1054,,72,111587.0,99,,7.0,4.0,1
1055,,38,166644.0,66,,8.0,6.0,1
1056,,50,181270.0,56,,1.0,1.0,1
1057,,47,65207.0,81,,1.0,2.0,1
1058,,72,112146.0,21,,8.0,4.0,1
1059,,8,104953.0,57,,1.0,6.0,1
1060,,34,139009.0,24,,0.0,4.0,1
1061,,53,67916.0,82,,0.0,6.0,1
1062,,82,99983.0,88,,0.0,1.0,1
1063,,63,131122.0,40,,9.0,6.0,1
1064,,58,173190.0,37,,9.0,4.0,1
1065,,23,122712.0,21,,1.0,1.0,1
1066,,80,55792.0,30,,1.0,6.0,1
1067,,45,73892.0,45,,1.0,4.0,1
1068,,30,78821.0,46,,1.0,4.0,1
1069,,84,152475.0,12,,0.0,7.0,1
1070,,45,152226.0,87,,4.0,4.0,1
1071,,85,117679.0,18,,1.0,3.0,1
1072,,23,146473.0,87,,1.0,4.0,1
1073,,79,66051.0,75,,1.0,7.0,1
1074,,47,162332.0,72,,1.0,5.0,1
1075,,93,166018.0,71,,0.0,3.0,1
1076,,95,67398.0,81,,2.0,5.0,1
1077,,44,73760.0,70,,1.0,6.0,1
1078,,95,167578.0,66,,0.0,1.0,1
1079,,28,130267.0,45,,8.0,4.0,1
1080,,91,94846.0,95,,0.0,5.0,1
1081,,81,155396.0,1,,9.0,5.0,1
1082,,90,138013.0,16,,8.0,7.0,1
1083,,79,148286.0,77,,0.0,4.0,1
1084,,6,101031.0,28,,1.0,1.0,1
1085,,38,52884.0,24,,1.0,1.0,1
1086,,87,153230.0,15,,8.0,1.0,1
1087,,93,63261.0,13,,1.0,7.0,1
1088,,44,90167.0,84,,0.0,3.0,1
1089,,10,162076.0,78,,0.0,3.0,1
1090,,84,53622.0,27,,0.0,3.0,1
1091,,7,172913.0,94,,3.0,4.0,1
1092,,41,94316.0,86,,0.0,6.0,1
1093,,87,141383.0,3,,7.0,5.0,1
1094,,33,67874.0,55,,0.0,2.0,1
1095,,34,176554.0,62,,1.0,2.0,1
1096,,53,135341.0,56,,10.0,2.0,1
1097,,47,129019.0,57,,0.0,3.0,1
1098,,53,107879.0,3,,1.0,6.0,1
1099,,92,79531.0,4,,1.0,1.0,1
1100,,89,63379.0,59,,12.0,7.0,1
1101,,27,156258.0,54,,0.0,4.0,1
1102,,70,67874.0,41,,9.0,3.0,1
1103,,86,159964.0,57,,5.0,6.0,1
1104,,99,103706.0,50,,1.0,2.0,1
1105,,96,64713.0,84,,2.0,7.0,1
1106,,65,90414.0,55,,1.0,5.0,1
1107,,82,171100.0,34,,0.0,5.0,1
1108,,36,187305.0,85,,6.0,7.0,1
1109,,30,139758.0,46,,0.0,6.0,1
1110,,96,91226.0,56,,0.0,5.0,1
1111,,69,143928.0,30,,9.0,7.0,1
1112,,34,92366.0,14,,0.0,6.0,1
1113,,74,175041.0,25,,4.0,1.0,1
1114,,97,147301.0,93,,1.0,5.0,1
1115,,56,119296.0,49,,0.0,7.0,1
1116,,30,126306.0,44,,0.0,1.0,1
1117,,13,100647.0,49,,1.0,3.0,1
1118,,95,168663.0,16,,11.0,5.0,1
1119,,2,105391.0,42,,1.0,7.0,1
1120,,78,175179.0,43,,9.0,4.0,1
1121,,54,165019.0,12,,1.0,2.0,1
1122,,85,68212.0,26,,7.0,4.0,1
1123,,13,64572.0,71,,1.0,2.0,1
1124,,85,92591.0,99,,8.0,2.0,1
1125,,41,69730.0,97,,1.0,4.0,1
1126,,25,156793.0,57,,2.0,4.0,1
1127,,74,56848.0,41,,5.0,1.0,1
1128,,8,148450.0,55,,0.0,6.0,1
1129,,62,150619.0,32,,10.0,6.0,1
1130,,52,100261.0,10,,1.0,6.0,1
1131,,36,109895.0,56,,5.0,2.0,1
1132,,11,152684.0,24,,0.0,3.0,1
1133,,84,133765.0,83,,1.0,3.0,1
1134,,99,57677.0,99,,0.0,5.0,1
1135,,51,112358.0,27,,0.0,6.0,1
1136,,57,73845.0,52,,1.0,7.0,1
1137,,92,89531.0,42,,6.0,2.0,1
1138,,29,118092.0,100,,7.0,3.0,1
1139,,62,144242.0,49,,1.0,4.0,1
1140,,43,140876.0,90,,0.0,4.0,1
1141,,72,76888.0,26,,0.0,1.0,1
1142,,28,116644.0,88,,6.0,3.0,1
1143,,57,143021.0,3,,5.0,4.0,1
1144,,86,145679.0,91,,9.0,6.0,1
1145,,26,64398.0,7,,1.0,6.0,1
1146,,13,104512.0,40,,9.0,3.0,1
1147,,1,71564.0,68,,1.0,5.0,1
1148,,89,122707.0,64,,2.0,3.0,1
1149,,91,51733.0,96,,0.0,5.0,1
1150,,67,138087.0,63,,1.0,7.0,1
1151,,63,147278.0,51,,0.0,4.0,1
1152,,90,187339.0,62,,0.0,6.0,1
1153,,87,129972.0,97,,1.0,6.0,1
1154,,89,151176.0,55,,1.0,2.0,1
1155,,34,74358.0,60,,0.0,6.0,1
1156,,89,83953.0,82,,0.0,3.0,1
1157,,31,62925.0,24,,1.0,6.0,1
1158,,55,65257.0,93,,2.0,3.0,1
1159,,3,188557.0,4,,9.0,2.0,-1
1160,,64,163783.0,84,,3.0,1.0,1
1161,,1,108342.0,97,,0.0,3.0,1
1162,,20,155951.0,21,,7.0,4.0,1
1163,,18,183071.0,29,,7.0,4.0,1
1164,,83,124104.0,20,,4.0,6.0,1
1165,,21,136747.0,3,,1.0,1.0,1
1166,,19,189498.0,18,,4.0,1.0,1
1167,,74,76149.0,48,,9.0,6.0,1
1168,,44,185550.0,54,,0.0,1.0,1
1169,,52,119567.0,19,,5.0,2.0,1
1170,,14,79806.0,30,,1.0,6.0,1
1171,,10,180774.0,66,,1.0,5.0,1
1172,,80,90142.0,50,,1.0,2.0,1
1173,,82,184481.0,84,,0.0,2.0,1
1174,,32,66089.0,75,,6.0,3.0,1
1175,,16,60044.0,83,,4.0,1.0,1
1176,,61,52543.0,23,,0.0,6.0,1
1177,,57,50429.0,23,,0.0,1.0,1
1178,,95,178228.0,45,,1.0,2.0,1
1179,,38,161130.0,98,,8.0,3.0,1
1180,,70,87976.0,38,,1.0,6.0,1
1181,,40,179150.0,91,,5.0,2.0,1
1182,,92,163442.0,32,,1.0,6.0,1
1183,,73,108159.0,18,,8.0,7.0,1
1184,,62,73419.0,14,,0.0,1.0,1
1185,,12,138425.0,78,,11.0,6.0,1
1186,,65,54431.0,93,,1.0,7.0,1
1187,,88,168437.0,81,,2.0,2.0,1
1188,,55,71322.0,54,,1.0,6.0,1
1189,,99,122548.0,14,,2.0,5.0,1
1190,,20,141428.0,32,,1.0,5.0,1
1191,,97,142214.0,32,,7.0,4.0,1
1192,,93,62590.0,43,,9.0,6.0,1
1193,,84,172523.0,83,,6.0,2.0,1
1194,,16,157588.0,76,,2.0,6.0,1
1195,,10,143313.0,57,,4.0,7.0,1
1196,,59,119833.0,38,,1.0,2.0,1
1197,,54,70803.0,35,,0.0,5.0,1
1198,,82,139008.0,47,,1.0,4.0,1
1199,,83,126669.0,53,,1.0,6.0,1
1200,,87,122722.0,10,,9.0,4.0,1
1201,,1,79800.0,47,,0.0,1.0,1
1202,,89,100155.0,5,,6.0,1.0,1
1203,,32,110846.0,49,,0.0,2.0,1
1204,,1,106841.0,69,,0.0,3.0,1
1205,,54,117181.0,66,,12.0,5.0,1
1206,,56,86898.0,76,,0.0,6.0,1
1207,,31,143241.0,81,,4.0,7.0,1
1208,,26,146028.0,33,,0.0,5.0,1
1209,,7,165287.0,65,,1.0,3.0,1
1210,,60,132486.0,9,,1.0,2.0,1
1211,,92,96424.0,74,,8.0,5.0,1
1212,,93,151468.0,41,,1.0,5.0,1
1213,,8,76561.0,79,,0.0,1.0,1
1214,,81,125316.0,81,,0.0,6.0,1
1215,,21,109373.0,22,,4.0,2.0,1
1216,,96,135042.0,12,,0.0,7.0,1
1217,,78,59784.0,81,,3.0,3.0,1
1218,,86,140687.0,63,,1.0,2.0,1
1219,,1,182927.0,55,,1.0,1.0,1
1220,,62,175534.0,44,,1.0,6.0,1
1221,,68,170957.0,6,,1.0,3.0,1
1222,,70,81197.0,76,,0.0,4.0,1
1223,,21,104888.0,8,,0.0,4.0,1
1224,,74,184838.0,18,,8.0,5.0,1
1225,,62,139588.0,66,,0.0,2.0,1
1226,,22,126543.0,45,,0.0,3.0,1
1227,,87,177260.0,45,,14.0,2.0,1
1228,,44,156823.0,42,,9.0,5.0,1
1229,,27,183201.0,52,,8.0,6.0,1
1230,,95,84925.0,46,,4.0,6.0,1
1231,,89,69719.0,47,,9.0,2.0,1
1232,,41,61355.0,13,,1.0,3.0,1
1233,,41,156014.0,49,,14.0,5.0,1
1234,,21,184088.0,21,,11.0,7.0,-1
1235,,59,158372.0,98,,1.0,1.0,1
1236,,64,135742.0,67,,1.0,7.0,1
1237,,38,145704.0,82,,0.0,4.0,1
1238,,70,157307.0,23,,4.0,3.0,1
1239,,25,88064.0,73,,1.0,5.0,1
1240,,3,167226.0,59,,3.0,1.0,1
1241,,70,153821.0,8,,1.0,4.0,1
1242,,29,170669.0,78,,9.0,5.0,1
1243,,88,93555.0,13,,3.0,3.0,1
1244,,20,101941.0,18,,1.0,3.0,1
1245,,58,78795.0,44,,0.0,6.0,1
1246,,70,55875.0,94,,0.0,5.0,1
1247,,44,177513.0,81,,1.0,5.0,1
1248,,87,100850.0,83,,0.0,3.0,1
1249,,0,143082.0,63,,0.0,7.0,1
1250,,96,85447.0,4,,9.0,6.0,1
1251,,75,114213.0,33,,9.0,4.0,1
1252,,14,161120.0,69,,0.0,1.0,1
1253,,8,186682.0,86,,1.0,1.0,1
1254,,58,105302.0,75,,0.0,3.0,1
1255,,5,133400.0,47,,0.0,6.0,1
1256,,70,56432.0,23,,0.0,5.0,1
1257,,49,136467.0,72,,3.0,3.0,1
1258,,60,189945.0,20,,0.0,5.0,1
1259,,25,163966.0,48,,1.0,5.0,1
1260,,47,52152.0,17,,0.0,3.0,1
1261,,53,145720.0,62,,12.0,7.0,1
1262,,24,188034.0,61,,1.0,5.0,1
1263,,46,127911.0,3,,9.0,2.0,1
1264,,70,174114.0,31,,1.0,1.0,1
1265,,53,144489.0,10,,14.0,3.0,1
1266,,63,77440.0,47,,0.0,5.0,1
1267,,24,86119.0,44,,1.0,6.0,1
1268,,5,100056.0,49,,1.0,3.0,1
1269,,7,66686.0,50,,8.0,7.0,1
1270,,71,74696.0,41,,1.0,6.0,1
1271,,23,65641.0,50,,4.0,5.0,1
1272,,0,61228.0,81,,1.0,6.0,1
1273,,2,138529.0,87,,0.0,4.0,1
1274,,72,152405.0,4,,1.0,4.0,1
1275,,18,157757.0,84,,0.0,4.0,1
1276,,11,166361.0,59,,6.0,4.0,1
1277,,95,67227.0,30,,1.0,7.0,1
1278,,20,161156.0,88,,0.0,4.0,1
1279,,58,170647.0,70,,1.0,7.0,1
1280,,67,161646.0,36,,0.0,2.0,1
1281,,43,98016.0,18,,9.0,6.0,1
1282,,36,50526.0,19,,0.0,6.0,1
1283,,2,175208.0,43,,8.0,4.0,1
1284,,35,97721.0,48,,0.0,7.0,1
1285,,81,142013.0,81,,3.0,4.0,1
1286,,84,166737.0,76,,0.0,3.0,1
1287,,18,62651.0,13,,0.0,2.0,1
1288,,54,179546.0,4,,8.0,4.0,1
1289,,98,51866.0,81,,12.0,7.0,-1
1290,,75,86297.0,42,,9.0,4.0,1
1291,,98,65031.0,23,,0.0,4.0,1
1292,,94,69383.0,25,,0.0,2.0,1
1293,,24,70733.0,63,,5.0,3.0,1
1294,,47,187898.0,89,,6.0,2.0,1
1295,,40,116001.0,55,,1.0,4.0,1
1296,,68,87040.0,4,,9.0,1.0,1
1297,,18,180956.0,74,,2.0,2.0,1
1298,,83,115517.0,82,,0.0,6.0,1
1299,,34,76979.0,46,,1.0,3.0,1
1300,,81,50798.0,56,,10.0,5.0,1
1301,,61,146350.0,43,,1.0,3.0,1
1302,,77,81112.0,61,,5.0,3.0,1
1303,,52,80605.0,20,,1.0,6.0,1
1304,,40,171949.0,11,,1.0,6.0,1
1305,,93,159006.0,26,,8.0,6.0,1
1306,,45,177368.0,96,,1.0,2.0,1
1307,,83,187643.0,3,,1.0,1.0,1
1308,,23,93841.0,25,,0.0,7.0,1
1309,,15,131061.0,92,,0.0,7.0,1
1310,,79,146130.0,20,,6.0,6.0,1
1311,,80,84471.0,79,,1.0,5.0,1
1312,,35,144485.0,15,,0.0,4.0,1
1313,,39,158638.0,78,,2.0,5.0,1
1314,,4,96693.0,28,,0.0,4.0,1
1315,,83,129507.0,93,,4.0,7.0,1
1316,,94,114510.0,39,,0.0,4.0,1
1317,,33,109396.0,17,,1.0,2.0,1
1318,,12,149031.0,96,,10.0,5.0,1
1319,,77,66256.0,13,,1.0,2.0,1
1320,,48,118285.0,69,,8.0,4.0,1
1321,,97,128723.0,58,,4.0,5.0,1
1322,,28,178285.0,91,,4.0,7.0,1
1323,,99,144176.0,74,,7.0,2.0,1
1324,,27,82474.0,31,,9.0,3.0,1
1325,,95,159010.0,84,,6.0,2.0,1
1326,,6,76164.0,83,,6.0,2.0,1
1327,,18,77873.0,49,,6.0,5.0,1
1328,,42,53392.0,89,,6.0,4.0,1
1329,,50,168898.0,41,,9.0,7.0,1
1330,,86,128917.0,7,,5.0,5.0,1
1331,,69,185067.0,49,,5.0,4.0,1
1332,,23,132183.0,76,,10.0,3.0,1
1333,,82,82060.0,46,,7.0,1.0,1
1334,,97,133614.0,58,,7.0,4.0,1
1335,,42,94844.0,64,,7.0,6.0,1
1336,,75,76474.0,5,,5.0,5.0,1
1337,,14,94655.0,9,,8.0,1.0,1
1338,,3,60933.0,30,,8.0,1.0,1
1339,,16,79257.0,82,,6.0,2.0,1
1340,,45,125677.0,36,,5.0,2.0,1
1341,,23,127971.0,56,,1.0,5.0,1
1342,,38,76103.0,62,,9.0,3.0,1
1343,,45,114741.0,96,,0.0,5.0,1
1344,,82,157994.0,92,,1.0,1.0,1
1345,,73,93786.0,44,,3.0,1.0,1
1346,,36,75178.0,41,,1.0,7.0,1
1347,,13,175267.0,81,,1.0,4.0,1
1348,,96,99263.0,100,,8.0,1.0,-1
1349,,83,52590.0,3,,0.0,4.0,1
1350,,33,170959.0,75,,0.0,4.0,1
1351,,68,135076.0,60,,1.0,5.0,1
1352,,88,167112.0,34,,0.0,1.0,1
1353,,87,184639.0,12,,1.0,6.0,1
1354,,88,172369.0,80,,6.0,6.0,1
1355,,43,124256.0,67,,1.0,7.0,1
1356,,64,89972.0,92,,10.0,6.0,1
1357,,96,67799.0,42,,1.0,6.0,1
1358,,72,176074.0,70,,1.0,7.0,1
1359,,48,167517.0,27,,2.0,7.0,1
1360,,64,77914.0,11,,1.0,6.0,1
1361,,8,57605.0,81,,0.0,2.0,1
1362,,52,86365.0,70,,1.0,7.0,1
1363,,3,93883.0,39,,1.0,2.0,1
1364,,44,131091.0,62,,4.0,1.0,1
1365,,14,87222.0,14,,8.0,4.0,1
1366,,50,117076.0,45,,1.0,2.0,1
1367,,53,150925.0,1,,1.0,2.0,1
1368,,31,149379.0,100,,0.0,3.0,1
1369,,31,138644.0,94,,4.0,3.0,1
1370,,97,148493.0,42,,4.0,7.0,1
1371,,27,84658.0,66,,4.0,6.0,1
1372,,2,111618.0,99,,6.0,5.0,1
1373,,81,108759.0,60,,7.0,6.0,1
1374,,64,186203.0,73,,10.0,5.0,1
1375,,11,147258.0,59,,10.0,2.0,1
1376,,78,132983.0,67,,7.0,7.0,1
1377,,72,149092.0,39,,8.0,1.0,1
1378,,36,163845.0,84,,5.0,7.0,1
1379,,97,117777.0,67,,5.0,5.0,1
1380,,88,131584.0,18,,7.0,3.0,1
1381,,21,123904.0,91,,7.0,5.0,1
1382,,62,89801.0,88,,5.0,4.0,1
1383,,73,173466.0,57,,10.0,5.0,1
1384,,34,55690.0,4,,4.0,6.0,1
1385,,50,104467.0,72,,5.0,1.0,1
1386,,39,100419.0,19,,5.0,4.0,1
1387,,82,62951.0,47,,8.0,2.0,1
1388,,39,118554.0,1,,4.0,6.0,1
1389,,13,140673.0,49,,6.0,7.0,1
1390,,68,75561.0,87,,5.0,3.0,1
1391,,77,147306.0,50,,6.0,6.0,1
1392,,35,111871.0,30,,10.0,1.0,1
1393,,5,112884.0,43,,0.0,6.0,1
1394,,47,121267.0,58,,1.0,1.0,1
1395,,48,151519.0,93,,7.0,2.0,1
1396,,34,105448.0,40,,0.0,5.0,1
1397,,20,92048.0,91,,1.0,1.0,1
1398,,61,99980.0,94,,10.0,1.0,1
1399,,16,84003.0,68,,9.0,6.0,1
1400,,2,110889.0,95,,1.0,2.0,1
1401,,52,82478.0,95,,10.0,1.0,1
1402,,99,139685.0,20,,1.0,4.0,1
1403,,84,182374.0,62,,0.0,6.0,1
1404,,58,119366.0,94,,4.0,2.0,1
1405,,91,53788.0,57,,0.0,2.0,1
1406,,1,90341.0,92,,0.0,2.0,1
1407,,67,118348.0,94,,1.0,7.0,1
1408,,56,137428.0,87,,0.0,2.0,1
1409,,62,106982.0,53,,1.0,7.0,1
1410,,12,98532.0,52,,0.0,6.0,1
1411,,38,120825.0,24,,9.0,7.0,1
1412,,51,58006.0,83,,1.0,5.0,1
1413,,20,106941.0,73,,1.0,1.0,1
1414,,43,129782.0,31,,1.0,2.0,1
1415,,93,121513.0,90,,0.0,6.0,1
1416,,54,79925.0,30,,0.0,3.0,1
1417,,23,112089.0,74,,7.0,7.0,1
1418,,1,138656.0,27,,3.0,4.0,1
1419,,64,146794.0,90,,8.0,3.0,1
1420,,55,75033.0,30,,5.0,5.0,1
1421,,85,149969.0,78,,0.0,6.0,1
1422,,20,124852.0,39,,5.0,5.0,1
1423,,73,154837.0,42,,8.0,4.0,1
1424,,53,145678.0,55,,0.0,1.0,1
1425,,7,137354.0,89,,8.0,7.0,1
1426,,50,136660.0,48,,1.0,3.0,1
1427,,12,63334.0,99,,0.0,6.0,1
1428,,37,62893.0,29,,1.0,5.0,1
1429,,78,163514.0,89,,9.0,2.0,1
1430,,29,145934.0,40,,10.0,2.0,1
1431,,54,119223.0,58,,10.0,7.0,1
1432,,89,127479.0,18,,10.0,2.0,1
1433,,25,136146.0,98,,6.0,6.0,1
1434,,14,76001.0,46,,7.0,3.0,1
1435,,12,84885.0,24,,6.0,2.0,1
1436,,18,82812.0,1,,6.0,2.0,1
1437,,74,51260.0,43,,5.0,5.0,1
1438,,21,159572.0,42,,5.0,5.0,1
1439,,9,130186.0,88,,9.0,7.0,1
1440,,49,176954.0,57,,5.0,6.0,1
1441,,58,85908.0,99,,5.0,4.0,1
1442,,16,75831.0,5,,10.0,7.0,-1
1443,,55,123045.0,56,,7.0,3.0,1
1444,,31,161211.0,10,,9.0,1.0,1
1445,,59,81702.0,27,,6.0,4.0,1
1446,,25,173043.0,3,,8.0,6.0,1
1447,,63,126380.0,90,,6.0,1.0,1
1448,,60,128205.0,27,,6.0,5.0,1
1449,,41,181355.0,73,,10.0,3.0,1
1450,,84,97931.0,70,,9.0,7.0,1
1451,,72,146432.0,25,,6.0,1.0,1
1452,,97,125731.0,41,,6.0,4.0,1
1453,,43,132701.0,70,,5.0,2.0,1
1454,,63,116095.0,8,,5.0,1.0,1
1455,,7,135773.0,42,,9.0,5.0,1
1456,,54,136417.0,45,,9.0,6.0,1
1457,,27,80783.0,82,,9.0,3.0,1
1458,,28,182580.0,60,,6.0,6.0,1
1459,,84,143567.0,48,,7.0,2.0,1
1460,,71,85908.0,85,,5.0,4.0,1
1461,,88,139806.0,99,,4.0,4.0,1
1462,,75,77269.0,24,,8.0,1.0,1
1463,,96,105968.0,65,,4.0,5.0,1
1464,,83,125660.0,19,,10.0,4.0,1
1465,,86,98444.0,76,,7.0,4.0,1
1466,,60,179503.0,9,,4.0,3.0,1
1467,,5,60575.0,14,,5.0,2.0,1
1468,,65,75685.0,19,,7.0,3.0,1
1469,,49,85374.0,45,,8.0,5.0,1
1470,,78,128642.0,19,,5.0,6.0,1
1471,,25,182292.0,78,,7.0,5.0,1
1472,,5,124702.0,94,,10.0,3.0,1
1473,,58,127833.0,2,,7.0,7.0,1
1474,,80,178866.0,97,,8.0,4.0,1
1475,,94,183643.0,51,,5.0,5.0,1
1476,,62,113306.0,4,,5.0,6.0,1
1477,,20,84008.0,77,,8.0,4.0,1
1478,,85,85758.0,35,,10.0,4.0,1
1479,,72,63128.0,45,,8.0,7.0,1
1480,,95,70174.0,6,,10.0,6.0,1
1481,,97,170133.0,42,,5.0,5.0,1
1482,,25,165978.0,42,,7.0,3.0,1
1483,,17,149727.0,78,,7.0,3.0,1
1484,,19,147052.0,86,,9.0,4.0,1
1485,,59,113389.0,79,,4.0,6.0,1
1486,,30,111690.0,73,,10.0,4.0,1
1487,,63,184830.0,60,,9.0,3.0,1
1488,,23,91549.0,23,,4.0,3.0,1
1489,,97,94629.0,17,,6.0,3.0,1
1490,,97,167558.0,99,,4.0,7.0,-1
1491,,94,119189.0,57,,9.0,3.0,1
1492,,28,96207.0,67,,5.0,5.0,1
1493,,21,85339.0,6,,4.0,7.0,1
1494,,25,111942.0,7,,5.0,5.0,1
1495,,48,157003.0,45,,5.0,4.0,1
1496,,53,117123.0,23,,9.0,7.0,1
1497,,97,172747.0,76,,7.0,2.0,1
1498,,33,157358.0,52,,7.0,4.0,1
1499,,5,156655.0,20,,4.0,5.0,1
1500,,72,166043.0,93,,7.0,6.0,1
1501,,40,67768.0,15,,10.0,6.0,1
1502,,34,171353.0,34,,8.0,4.0,1
1503,,63,116971.0,76,,7.0,5.0,1
1504,,85,97822.0,38,,5.0,3.0,1
1505,,86,117203.0,83,,10.0,3.0,1
1506,,63,88720.0,100,,10.0,1.0,1
1507,,9,173233.0,18,,5.0,1.0,1
1508,,76,139447.0,36,,8.0,7.0,1
1509,,19,179269.0,93,,6.0,3.0,1
1510,,84,136254.0,90,,5.0,6.0,1
1511,,38,174594.0,56,,8.0,2.0,1
1512,,1,100429.0,19,,9.0,1.0,1
1513,,30,73107.0,48,,9.0,1.0,1
1514,,86,98344.0,25,,6.0,6.0,1
1515,,21,163509.0,21,,10.0,1.0,1
1516,,15,116204.0,16,,8.0,2.0,1
1517,,87,95853.0,53,,9.0,1.0,1
1518,,40,156411.0,70,,6.0,5.0,1
1519,,2,72889.0,36,,5.0,7.0,1
1520,,63,106691.0,79,,9.0,3.0,1
1521,,26,144832.0,42,,5.0,3.0,1
1522,,29,132297.0,53,,8.0,1.0,1
1523,,7,170345.0,3,,9.0,5.0,1
1524,,28,157383.0,13,,8.0,2.0,1
1525,,99,150782.0,18,,8.0,2.0,1
1526,,69,143987.0,87,,10.0,5.0,1
1527,,13,129659.0,59,,6.0,7.0,1
1528,,73,104826.0,36,,5.0,1.0,1
1529,,4,181471.0,59,,10.0,4.0,1
1530,,42,152547.0,56,,7.0,4.0,1
1531,,43,85347.0,9,,1.0,1.0,1
1532,,79,122828.0,32,,0.0,5.0,1
1533,,18,107794.0,17,,0.0,5.0,1
1534,,39,152566.0,11,,1.0,7.0,1
1535,,41,91715.0,99,,0.0,3.0,1
1536,,60,99222.0,48,,1.0,6.0,1
1537,,39,70280.0,99,,0.0,4.0,1
1538,,90,70030.0,86,,1.0,2.0,1
1539,,83,102083.0,24,,1.0,1.0,1
1540,,92,166163.0,87,,8.0,5.0,1
1541,,6,182871.0,27,,8.0,6.0,1
1542,,50,187545.0,61,,4.0,6.0,1
1543,,90,182910.0,86,,0.0,1.0,1
1544,,13,174530.0,30,,1.0,6.0,1
1545,,27,115438.0,37,,0.0,6.0,1
1546,,93,93964.0,80,,4.0,2.0,1
1547,,61,180341.0,75,,1.0,3.0,1
1548,,91,107323.0,1,,7.0,7.0,1
1549,,79,119435.0,55,,0.0,7.0,1
1550,,80,68341.0,22,,13.0,6.0,1
1551,,16,95365.0,60,,0.0,5.0,1
1552,,4,131093.0,79,,1.0,7.0,1
1553,,34,100621.0,3,,1.0,1.0,1
1554,,10,116521.0,47,,0.0,2.0,1
1555,,3,136316.0,88,,0.0,3.0,1
1556,,96,172039.0,51,,0.0,6.0,1
1557,,48,70844.0,22,,0.0,3.0,1
1558,,25,100964.0,96,,1.0,6.0,1
1559,,98,128037.0,39,,6.0,2.0,1
1560,,84,97081.0,75,,1.0,3.0,1
1561,,88,92247.0,47,,0.0,6.0,1
1562,,86,129914.0,92,,1.0,3.0,1
1563,,0,94014.0,53,,9.0,5.0,1
1564,,56,138864.0,93,,0.0,5.0,1
1565,,6,169299.0,46,,1.0,5.0,1
1566,,2,119097.0,40,,0.0,7.0,1
1567,,73,68161.0,23,,1.0,2.0,1
1568,,38,181108.0,32,,1.0,1.0,1
1569,,37,87764.0,59,,9.0,7.0,1
1570,,41,102543.0,54,,7.0,3.0,1
1571,,94,139417.0,13,,1.0,3.0,1
1572,,57,81802.0,29,,9.0,1.0,1
1573,,96,102788.0,51,,0.0,1.0,1
1574,,59,163179.0,19,,1.0,7.0,1
1575,,87,71318.0,22,,1.0,3.0,1
1576,,55,63683.0,34,,3.0,1.0,1
1577,,16,189689.0,37,,8.0,5.0,1
1578,,82,121610.0,36,,0.0,5.0,1
1579,,83,150682.0,25,,1.0,1.0,1
1580,,96,124550.0,46,,0.0,3.0,1
1581,,55,148875.0,99,,0.0,4.0,1
1582,,6,107117.0,44,,1.0,3.0,1
1583,,33,109223.0,43,,1.0,5.0,1
1584,,0,120899.0,7,,2.0,6.0,1
1585,,27,101948.0,31,,0.0,5.0,1
1586,,72,143169.0,58,,0.0,4.0,1
1587,,13,167619.0,4,,7.0,6.0,1
1588,,19,181795.0,59,,3.0,5.0,1
1589,,48,186445.0,41,,0.0,1.0,1
1590,,58,102205.0,24,,1.0,1.0,1
1591,,21,52326.0,69,,0.0,2.0,1
1592,,91,82992.0,5,,1.0,5.0,1
1593,,44,145520.0,55,,1.0,7.0,1
1594,,80,104820.0,96,,2.0,4.0,1
1595,,28,69025.0,79,,0.0,2.0,1
1596,,74,164976.0,89,,0.0,4.0,1
1597,,79,178576.0,51,,5.0,5.0,1
1598,,42,72415.0,52,,0.0,5.0,1
1599,,80,112146.0,24,,0.0,3.0,1
1600,,8,144830.0,43,,0.0,1.0,1
1601,,24,51661.0,79,,0.0,7.0,1
1602,,71,152910.0,90,,1.0,6.0,1
1603,,1,114556.0,64,,0.0,7.0,1
1604,,0,143455.0,62,,1.0,6.0,1
1605,,30,173096.0,92,,0.0,3.0,1
1606,,52,121172.0,97,,5.0,4.0,1
1607,,34,56492.0,15,,8.0,1.0,1
1608,,64,156422.0,39,,1.0,7.0,1
1609,,17,131863.0,94,,1.0,7.0,1
1610,,71,118096.0,36,,0.0,3.0,1
1611,,87,149685.0,30,,9.0,6.0,1
1612,,68,89765.0,28,,0.0,7.0,1
1613,,14,177701.0,49,,0.0,6.0,1
1614,,24,64738.0,67,,0.0,6.0,1
1615,,10,92734.0,28,,1.0,4.0,1
1616,,53,146877.0,47,,4.0,3.0,1
1617,,39,62935.0,60,,0.0,7.0,1
1618,,16,67178.0,17,,8.0,3.0,1
1619,,64,115754.0,35,,1.0,3.0,1
1620,,41,186470.0,21,,0.0,7.0,1
1621,,16,100939.0,34,,7.0,6.0,1
1622,,94,86172.0,55,,4.0,4.0,1
1623,,40,184222.0,17,,0.0,2.0,1
1624,,81,71543.0,1,,1.0,4.0,1
1625,,18,174836.0,63,,0.0,4.0,1
1626,,78,130706.0,72,,3.0,6.0,1
1627,,8,74407.0,100,,0.0,6.0,1
1628,,64,130055.0,46,,2.0,1.0,1
1629,,45,88707.0,81,,0.0,5.0,1
1630,,99,162762.0,52,,1.0,1.0,1
1631,,59,154821.0,77,,0.0,2.0,1
1632,,53,57248.0,66,,5.0,5.0,1
1633,,66,99902.0,54,,10.0,2.0,1
1634,,1,165711.0,50,,1.0,2.0,1
1635,,73,97455.0,55,,6.0,4.0,1
1636,,34,93866.0,43,,9.0,2.0,1
1637,,1,141307.0,17,,1.0,3.0,1
1638,,73,172011.0,9,,1.0,5.0,1
1639,,90,68138.0,18,,2.0,7.0,1
1640,,32,123246.0,100,,8.0,6.0,1
1641,,47,124194.0,32,,1.0,7.0,1
1642,,15,188696.0,87,,8.0,3.0,1
1643,,78,91213.0,84,,3.0,5.0,1
1644,,83,166650.0,99,,1.0,3.0,1
1645,,2,52727.0,60,,1.0,3.0,1
1646,,75,126469.0,86,,1.0,2.0,1
1647,,45,138775.0,17,,0.0,7.0,1
1648,,49,68901.0,70,,7.0,7.0,1
1649,,41,118621.0,7,,0.0,7.0,1
1650,,34,109263.0,77,,0.0,1.0,1
1651,,82,150012.0,83,,3.0,6.0,1
1652,,37,133850.0,85,,9.0,3.0,1
1653,,25,81640.0,95,,1.0,6.0,1
1654,,52,133214.0,1,,9.0,7.0,1
1655,,23,186723.0,42,,8.0,5.0,1
1656,,96,92100.0,23,,9.0,3.0,1
1657,,5,64484.0,10,,0.0,5.0,1
1658,,47,69024.0,3,,4.0,5.0,1
1659,,81,171194.0,55,,0.0,5.0,1
1660,,4,183282.0,34,,1.0,1.0,1
1661,,8,100099.0,74,,1.0,3.0,1
1662,,35,164435.0,26,,1.0,3.0,1
1663,,67,172407.0,60,,9.0,3.0,1
1664,,9,84781.0,14,,1.0,3.0,1
1665,,82,186130.0,61,,3.0,7.0,1
1666,,2,56782.0,10,,9.0,5.0,1
1667,,95,137206.0,4,,0.0,4.0,1
1668,,9,146950.0,92,,6.0,5.0,1
1669,,99,174275.0,4,,0.0,2.0,-1
1670,,96,97705.0,41,,8.0,2.0,1
1671,,92,188984.0,69,,1.0,4.0,1
1672,,24,119238.0,55,,1.0,3.0,1
1673,,58,87923.0,19,,0.0,5.0,1
1674,,15,128573.0,97,,1.0,1.0,1
1675,,13,132374.0,96,,0.0,3.0,1
1676,,51,135164.0,75,,9.0,3.0,1
1677,,9,165194.0,10,,8.0,3.0,1
1678,,0,126060.0,92,,1.0,3.0,1
1679,,67,89366.0,55,,9.0,3.0,1
1680,,58,95172.0,77,,1.0,5.0,1
1681,,55,95975.0,49,,0.0,1.0,1
1682,,52,165573.0,59,,0.0,7.0,1
1683,,83,180887.0,59,,1.0,1.0,1
1684,,83,142720.0,86,,0.0,1.0,1
1685,,90,113460.0,54,,1.0,7.0,1
1686,,87,110434.0,20,,7.0,3.0,1
1687,,67,146016.0,38,,1.0,6.0,1
1688,,81,101073.0,67,,0.0,7.0,1
1689,,36,62617.0,10,,9.0,3.0,1
1690,,51,96028.0,37,,0.0,5.0,1
1691,,31,186334.0,37,,0.0,1.0,1
1692,,57,163473.0,52,,0.0,1.0,1
1693,,83,89819.0,59,,4.0,2.0,1
1694,,51,69388.0,33,,3.0,4.0,1
1695,,15,134748.0,76,,1.0,6.0,1
1696,,18,149915.0,94,,14.0,1.0,-1
1697,,88,104098.0,48,,1.0,6.0,1
1698,,70,80160.0,10,,8.0,5.0,1
1699,,9,124125.0,91,,1.0,2.0,1
1700,,6,170226.0,31,,0.0,3.0,1
1701,,8,53306.0,98,,0.0,2.0,1
1702,,55,103933.0,31,,6.0,3.0,1
1703,,69,85401.0,10,,4.0,6.0,1
1704,,18,53812.0,32,,9.0,5.0,1
1705,,13,60771.0,50,,1.0,7.0,1
1706,,69,56398.0,75,,8.0,3.0,1
1707,,69,171118.0,91,,9.0,3.0,1
1708,,69,79806.0,73,,0.0,5.0,1
1709,,89,150187.0,35,,0.0,5.0,1
1710,,45,129455.0,14,,0.0,3.0,1
1711,,75,116813.0,72,,10.0,6.0,1
1712,,54,95734.0,39,,8.0,7.0,1
1713,,33,76654.0,48,,4.0,1.0,1
1714,,67,86289.0,96,,1.0,5.0,1
1715,,26,176147.0,19,,0.0,1.0,1
1716,,5,142351.0,97,,0.0,7.0,-1
1717,,65,186673.0,51,,1.0,1.0,1
1718,,94,131521.0,62,,0.0,6.0,1
1719,,95,50223.0,15,,8.0,1.0,-1
1720,,48,74308.0,23,,1.0,2.0,1
1721,,41,155881.0,22,,0.0,7.0,1
1722,,92,168303.0,16,,9.0,4.0,1
1723,,44,182748.0,58,,1.0,7.0,1
1724,,35,52374.0,73,,1.0,1.0,1
1725,,34,86154.0,17,,1.0,2.0,1
1726,,52,163612.0,51,,0.0,5.0,1
1727,,64,64756.0,17,,10.0,1.0,1
1728,,62,185257.0,58,,1.0,4.0,1
1729,,58,78669.0,75,,1.0,7.0,1
1730,,15,164520.0,47,,1.0,7.0,1
1731,,65,92135.0,49,,6.0,4.0,1
1732,,20,103195.0,68,,0.0,7.0,1
1733,,21,161663.0,36,,1.0,7.0,1
1734,,79,57039.0,34,,2.0,6.0,1
1735,,91,54754.0,4,,0.0,2.0,1
1736,,92,136531.0,76,,1.0,4.0,1
1737,,62,120838.0,79,,1.0,4.0,1
1738,,94,127927.0,48,,0.0,4.0,1
1739,,10,164214.0,77,,0.0,4.0,1
1740,,53,145498.0,66,,8.0,4.0,1
1741,,7,129215.0,69,,9.0,6.0,1
1742,,92,152429.0,76,,0.0,2.0,1
1743,,12,89252.0,31,,0.0,5.0,1
1744,,31,147447.0,23,,6.0,7.0,1
1745,,93,74467.0,33,,5.0,1.0,1
1746,,66,127410.0,37,,8.0,2.0,1
1747,,49,91290.0,44,,7.0,7.0,1
1748,,64,92812.0,97,,5.0,7.0,1
1749,,27,170166.0,18,,10.0,4.0,1
1750,,33,150823.0,75,,4.0,1.0,1
1751,,79,95839.0,30,,7.0,2.0,1
1752,,14,60175.0,60,,9.0,7.0,1
1753,,22,153024.0,91,,10.0,7.0,-1
1754,,8,116858.0,67,,5.0,7.0,1
1755,,6,122961.0,47,,8.0,2.0,1
1756,,81,141471.0,45,,8.0,6.0,1
1757,,69,76155.0,14,,8.0,7.0,1
1758,,0,108169.0,24,,10.0,3.0,1
1759,,61,139520.0,39,,8.0,4.0,1
1760,,62,182631.0,52,,5.0,3.0,1
1761,,95,177134.0,78,,10.0,2.0,1
1762,,32,181703.0,54,,6.0,2.0,1
1763,,13,61917.0,16,,7.0,2.0,1
1764,,1,140648.0,36,,9.0,7.0,1
1765,,63,176783.0,40,,9.0,4.0,1
1766,,75,59741.0,67,,10.0,5.0,1
1767,,43,156567.0,89,,7.0,6.0,1
1768,,29,110309.0,21,,6.0,2.0,1
1769,,82,111077.0,55,,9.0,7.0,1
1770,,87,170333.0,96,,4.0,2.0,1
1771,,66,183339.0,39,,7.0,4.0,1
1772,,99,84167.0,46,,10.0,7.0,1
1773,,54,184815.0,50,,6.0,3.0,1
1774,,49,122556.0,74,,9.0,7.0,1
1775,,60,174768.0,66,,9.0,2.0,1
1776,,75,172309.0,82,,4.0,1.0,1
1777,,77,117920.0,4,,10.0,4.0,1
1778,,34,134882.0,61,,10.0,3.0,1
1779,,63,77259.0,11,,6.0,6.0,1
1780,,38,170019.0,38,,7.0,2.0,1
1781,,68,176884.0,94,,10.0,2.0,-1
1782,,80,106709.0,93,,10.0,2.0,1
1783,,8,168723.0,31,,7.0,2.0,1
1784,,86,90228.0,68,,7.0,5.0,1
1785,,1,89473.0,85,,10.0,4.0,1
1786,,56,131911.0,42,,7.0,7.0,1
1787,,14,140107.0,63,,6.0,6.0,1
1788,,4,170403.0,44,,4.0,5.0,1
1789,,58,51416.0,46,,7.0,5.0,1
1790,,6,52648.0,2,,5.0,2.0,-1
1791,,17,125471.0,48,,7.0,1.0,1
1792,,55,106153.0,62,,10.0,1.0,1
1793,,14,124785.0,28,,7.0,2.0,1
1794,,22,101474.0,14,,10.0,2.0,1
1795,,8,141359.0,65,,4.0,5.0,1
1796,,70,57596.0,96,,4.0,1.0,-1
1797,,67,78489.0,81,,7.0,5.0,1
1798,,50,112957.0,71,,5.0,3.0,1
1799,,72,82377.0,37,,9.0,2.0,1
1800,,76,82315.0,53,,6.0,1.0,1
1801,,80,93253.0,51,,4.0,5.0,1
1802,,20,189650.0,60,,8.0,4.0,1
1803,,89,114858.0,53,,10.0,1.0,1
1804,,18,62151.0,18,,8.0,2.0,1
1805,,75,135159.0,12,,7.0,6.0,1
1806,,5,126263.0,55,,6.0,3.0,1
1807,,79,123064.0,41,,10.0,4.0,1
1808,,31,181773.0,40,,8.0,1.0,1
1809,,92,171794.0,65,,6.0,5.0,1
1810,,15,156339.0,27,,6.0,2.0,1
1811,,94,65483.0,84,,10.0,7.0,-1
1812,,35,145654.0,22,,6.0,3.0,1
1813,,68,91609.0,43,,8.0,1.0,1
1814,,29,53002.0,73,,5.0,5.0,1
1815,,87,115699.0,61,,9.0,1.0,1
1816,,33,149609.0,44,,9.0,2.0,1
1817,,29,165254.0,7,,9.0,7.0,1
1818,,43,50418.0,49,,5.0,1.0,1
1819,,43,103531.0,90,,10.0,5.0,1
1820,,66,184060.0,98,,10.0,5.0,-1
1821,,23,75961.0,70,,5.0,7.0,1
1822,,87,174163.0,28,,4.0,2.0,1
1823,,81,105255.0,54,,8.0,3.0,1
1824,,42,51860.0,4,,4.0,5.0,1
1825,,32,185218.0,83,,4.0,6.0,1
1826,,7,189709.0,18,,6.0,6.0,1
1827,,91,134665.0,66,,7.0,2.0,1
1828,,95,91352.0,9,,7.0,3.0,1
1829,,10,154623.0,21,,6.0,6.0,1
1830,,20,113767.0,88,,6.0,2.0,1
1831,,5,160469.0,61,,8.0,1.0,1
1832,,84,99418.0,27,,4.0,2.0,1
1833,,54,56215.0,34,,10.0,4.0,1
1834,,12,55639.0,63,,8.0,1.0,1
1835,,90,62504.0,99,,10.0,4.0,-1
1836,,19,151382.0,38,,1.0,1.0,1
1837,,91,156574.0,96,,0.0,7.0,-1
1838,,90,60998.0,35,,1.0,7.0,1
1839,,60,108509.0,36,,0.0,2.0,1
1840,,68,85540.0,49,,9.0,1.0,1
1841,,43,73915.0,47,,11.0,2.0,1
1842,,52,148901.0,77,,4.0,4.0,1
1843,,81,152602.0,91,,0.0,1.0,1
1844,,54,58999.0,22,,7.0,3.0,1
1845,,43,133740.0,37,,5.0,4.0,1
1846,,20,113217.0,41,,9.0,1.0,1
1847,,71,60209.0,46,,1.0,3.0,1
1848,,26,145491.0,72,,9.0,5.0,1
1849,,75,61393.0,65,,7.0,5.0,1
1850,,52,133252.0,55,,1.0,1.0,1
1851,,40,187234.0,14,,0.0,5.0,1
1852,,5,145563.0,60,,9.0,6.0,1
1853,,46,165810.0,38,,3.0,5.0,1
1854,,98,125181.0,30,,0.0,7.0,1
1855,,84,56809.0,96,,1.0,2.0,1
1856,,35,69419.0,68,,9.0,1.0,1
1857,,78,70689.0,54,,1.0,4.0,1
1858,,64,55011.0,53,,1.0,7.0,1
1859,,98,87955.0,79,,0.0,2.0,1
1860,,66,153660.0,24,,0.0,5.0,1
1861,,32,104494.0,28,,6.0,4.0,1
1862,,22,184443.0,44,,3.0,7.0,1
1863,,17,150778.0,35,,1.0,7.0,1
1864,,22,88729.0,81,,1.0,1.0,1
1865,,9,151902.0,18,,0.0,2.0,1
1866,,24,51604.0,4,,0.0,2.0,1
1867,,8,157316.0,75,,9.0,3.0,1
1868,,52,125508.0,15,,1.0,6.0,1
1869,,62,186157.0,54,,1.0,1.0,1
1870,,37,169381.0,45,,0.0,4.0,1
1871,,68,110195.0,47,,9.0,2.0,1
1872,,63,81199.0,80,,1.0,2.0,1
1873,,15,58459.0,67,,0.0,6.0,1
1874,,44,173682.0,89,,12.0,6.0,-1
1875,,18,162983.0,16,,0.0,6.0,1
1876,,30,94480.0,1,,0.0,4.0,1
1877,,69,168710.0,80,,1.0,4.0,1
1878,,16,150193.0,83,,2.0,2.0,1
1879,,71,91823.0,74,,1.0,4.0,1
1880,,24,173091.0,24,,6.0,2.0,1
1881,,57,102692.0,94,,0.0,2.0,1
1882,,97,156812.0,77,,0.0,6.0,1
1883,,68,51468.0,48,,0.0,3.0,1
1884,,11,114071.0,37,,0.0,2.0,1
1885,,63,155638.0,81,,1.0,4.0,1
1886,,68,129971.0,61,,8.0,3.0,1
1887,,69,104160.0,77,,4.0,4.0,1
1888,,77,124995.0,66,,0.0,1.0,1
1889,,73,180437.0,50,,1.0,5.0,1
1890,,19,134644.0,96,,1.0,2.0,1
1891,,1,130089.0,67,,0.0,5.0,1
1892,,71,149318.0,27,,4.0,1.0,1
1893,,6,125591.0,79,,8.0,6.0,1
1894,,68,173047.0,17,,0.0,3.0,1
1895,,39,61298.0,91,,0.0,5.0,1
1896,,75,132993.0,55,,8.0,2.0,1
1897,,65,72313.0,36,,1.0,5.0,1
1898,,30,84885.0,9,,6.0,5.0,1
1899,,46,126228.0,95,,8.0,2.0,1
1900,,40,51199.0,29,,7.0,7.0,1
1901,,40,54631.0,70,,0.0,6.0,1
1902,,20,131810.0,16,,5.0,7.0,1
1903,,88,138482.0,59,,8.0,4.0,1
1904,,85,74081.0,87,,4.0,3.0,1
1905,,94,112426.0,54,,9.0,6.0,1
1906,,52,164038.0,53,,5.0,4.0,1
1907,,68,53552.0,97,,7.0,6.0,-1
1908,,15,142147.0,78,,8.0,4.0,1
1909,,4,180324.0,41,,9.0,2.0,1
1910,,59,149067.0,78,,9.0,7.0,1
1911,,32,184408.0,38,,6.0,7.0,1
1912,,8,59116.0,45,,10.0,6.0,1
1913,,92,174786.0,94,,4.0,3.0,1
1914,,9,71076.0,2,,8.0,1.0,-1
1915,,41,56837.0,4,,8.0,4.0,1
1916,,18,134752.0,47,,6.0,5.0,1
1917,,78,112887.0,80,,9.0,6.0,1
1918,,0,73128.0,74,,7.0,5.0,1
1919,,11,152765.0,17,,8.0,1.0,1
1920,,36,140637.0,19,,8.0,7.0,1
1921,,46,137973.0,50,,7.0,7.0,1
1922,,95,126791.0,34,,6.0,4.0,1
1923,,97,75125.0,89,,8.0,3.0,-1
1924,,2,101718.0,11,,8.0,3.0,1
1925,,94,69654.0,30,,4.0,4.0,1
1926,,0,105935.0,46,,4.0,5.0,1
1927,,3,74607.0,69,,6.0,1.0,1
1928,,77,151985.0,29,,4.0,7.0,1
1929,,70,76892.0,64,,5.0,2.0,1
1930,,58,87602.0,25,,5.0,3.0,1
1931,,72,182317.0,46,,8.0,6.0,1
1932,,90,158280.0,92,,6.0,7.0,-1
1933,,23,59905.0,79,,7.0,5.0,1
1934,,87,128153.0,42,,7.0,6.0,1
1935,,64,142612.0,58,,4.0,6.0,1
1936,,15,180163.0,9,,10.0,7.0,-1
1937,,14,68009.0,17,,9.0,3.0,1
1938,,54,166183.0,65,,7.0,6.0,1
1939,,76,132537.0,44,,5.0,3.0,1
1940,,76,146308.0,49,,5.0,1.0,1
1941,,52,63454.0,38,,5.0,5.0,1
1942,,96,110519.0,6,,9.0,4.0,1
1943,,55,66728.0,50,,10.0,5.0,1
1944,,54,170638.0,64,,4.0,5.0,1
1945,,19,129635.0,100,,6.0,4.0,1
1946,,29,133587.0,74,,5.0,3.0,1
1947,,96,126225.0,47,,7.0,4.0,1
1948,,20,148776.0,21,,8.0,5.0,1
1949,,91,142602.0,64,,7.0,6.0,1
1950,,37,102413.0,38,,5.0,5.0,1
1951,,42,68765.0,69,,4.0,1.0,1
1952,,1,57522.0,75,,10.0,5.0,-1
1953,,58,149237.0,80,,8.0,6.0,1
1954,,42,184844.0,24,,6.0,1.0,1
1955,,48,131656.0,45,,9.0,6.0,1
1956,,11,181026.0,39,,6.0,2.0,1
1957,,59,101698.0,87,,9.0,3.0,1
1958,,45,152560.0,32,,9.0,2.0,1
1959,,73,142502.0,97,,5.0,1.0,-1
1960,,85,155432.0,21,,4.0,6.0,1
1961,,70,108544.0,49,,4.0,5.0,1
1962,,52,106530.0,46,,7.0,2.0,1
1963,,70,124359.0,51,,7.0,7.0,1
1964,,88,146970.0,90,,7.0,6.0,1
1965,,61,182176.0,96,,9.0,5.0,-1
1966,,46,114435.0,34,,8.0,3.0,1
1967,,65,134213.0,32,,8.0,4.0,1
1968,,84,115580.0,73,,8.0,5.0,1
1969,,76,124034.0,88,,10.0,2.0,1
1970,,31,67894.0,42,,9.0,1.0,1
1971,,55,107099.0,89,,4.0,6.0,1
1972,,45,140263.0,88,,10.0,5.0,1
1973,,98,104249.0,12,,5.0,2.0,1
1974,,40,168821.0,36,,4.0,5.0,1
1975,,14,153145.0,59,,8.0,6.0,1
1976,,41,128960.0,43,,9.0,4.0,1
1977,,60,127438.0,82,,7.0,2.0,1
1978,,60,125968.0,100,,8.0,2.0,1
1979,,84,104589.0,85,,10.0,2.0,1
1980,,0,165321.0,93,,8.0,1.0,-1
1981,,10,86925.0,76,,7.0,2.0,1
1982,,62,149797.0,19,,5.0,6.0,1
1983,,33,137094.0,68,,4.0,1.0,1
1984,,52,55395.0,41,,10.0,1.0,1
1985,,2,153622.0,51,,6.0,6.0,1
1986,,27,74050.0,44,,8.0,1.0,1
1987,,4,68094.0,61,,4.0,7.0,-1
1988,,63,59244.0,80,,7.0,1.0,1
1989,,54,118944.0,77,,4.0,4.0,1
1990,,47,75293.0,55,,6.0,7.0,1
1991,,30,166983.0,69,,7.0,3.0,1
1992,,97,129444.0,96,,5.0,6.0,-1
1993,,94,181183.0,24,,9.0,3.0,1
1994,,64,175254.0,100,,9.0,5.0,-1
1995,,19,54121.0,89,,6.0,3.0,1
1996,,71,184387.0,40,,8.0,7.0,1
1997,,91,73158.0,32,,7.0,7.0,-1
1998,,87,90961.0,14,,9.0,2.0,1
1999,,77,182109.0,4,,7.0,2.0,-1
2000,,90,110610.0,52,,5.0,2.0,1
